__id__,bearing,device_time,gps_type,id,location.__lat__,location.__lon__,server_time,speed
6384d649-62e6-4bd9-ad06-7496ff53b3b6,17.450000762939453,2025-02-23T16:46:36.309Z,GPS,6384d649-62e6-4bd9-ad06-7496ff53b3b6,22.31611787410408,113.96000562932107,2025-02-23T16:46:37.667Z,41.68000030517578
f4fd445c-67ef-4037-8aaf-25afd7180a62,19.549999237060547,2025-02-23T16:46:31.307Z,GPS,f4fd445c-67ef-4037-8aaf-25afd7180a62,22.31499243064346,113.95962386475918,2025-02-23T16:46:33.088Z,42.099998474121094
b03f0b4f-b8a8-47c4-8a1a-4a69bc8bed9c,18.540000915527344,2025-02-23T16:46:26.306Z,GPS,b03f0b4f-b8a8-47c4-8a1a-4a69bc8bed9c,22.31443996148303,113.95941640196905,2025-02-23T16:46:27.691Z,40.79999923706055
8057ab78-80d7-45e0-b8b7-104e05a54bb2,34.59000015258789,2025-02-23T16:46:21.304Z,GPS,8057ab78-80d7-45e0-b8b7-104e05a54bb2,22.313451532109884,113.95894265247377,2025-02-23T16:46:22.692Z,38.54999923706055
e84fe4d3-ff0b-45aa-88fa-695192458ddd,35,2025-02-23T16:46:16.302Z,GPS,e84fe4d3-ff0b-45aa-88fa-695192458ddd,22.312638806200393,113.95822610985367,2025-02-23T16:46:17.681Z,38.27000045776367
becf2ad6-4e6c-4fa2-904a-5295c185712f,16.979999542236328,2025-02-23T16:46:11.301Z,GPS,becf2ad6-4e6c-4fa2-904a-5295c185712f,22.312159511906557,113.95796915584846,2025-02-23T16:46:12.668Z,38.90999984741211
9e43044f-8ed5-471d-a26c-556dcab6f891,343.7200012207031,2025-02-23T16:46:06.299Z,GPS,9e43044f-8ed5-471d-a26c-556dcab6f891,22.311098012032897,113.95797432799593,2025-02-23T16:46:07.676Z,39.099998474121094
557f186e-709d-4637-ae77-f2b819f61ffe,306.6400146484375,2025-02-23T16:46:01.297Z,GPS,557f186e-709d-4637-ae77-f2b819f61ffe,22.310190248150057,113.95862872401351,2025-02-23T16:46:02.668Z,40.79999923706055
eb1dfd94-a75b-4165-874a-cbe4ac7164d0,303.4200134277344,2025-02-23T16:45:56.087Z,GPS,eb1dfd94-a75b-4165-874a-cbe4ac7164d0,22.309864839083207,113.95914214105528,2025-02-23T16:45:57.668Z,41.54999923706055
5cfce82c-d95b-477a-a402-6110a7c0d34b,302.260009765625,2025-02-23T16:45:51.087Z,GPS,5cfce82c-d95b-477a-a402-6110a7c0d34b,22.309253522792147,113.96017197692004,2025-02-23T16:45:52.676Z,40.91999816894531
52d316d0-0449-4e42-a1e4-ca7ffece90c9,303.4200134277344,2025-02-23T16:45:46.085Z,GPS,52d316d0-0449-4e42-a1e4-ca7ffece90c9,22.308642542858745,113.96120264938857,2025-02-23T16:45:47.668Z,40.54999923706055
8f7702d4-246d-4a59-8ab4-1cb2d0ad52f0,302.54998779296875,2025-02-23T16:45:41.083Z,GPS,8f7702d4-246d-4a59-8ab4-1cb2d0ad52f0,22.30833780475211,113.96171323765752,2025-02-23T16:45:42.657Z,40.59000015258789
74d20a6c-93a4-4fab-9598-83c1ad4b2439,302.6700134277344,2025-02-23T16:45:36.082Z,GPS,74d20a6c-93a4-4fab-9598-83c1ad4b2439,22.307730162663184,113.9627460816496,2025-02-23T16:45:37.677Z,40.709999084472656
8d128459-c0a8-4ab3-b2c1-f16721b40efb,302.4700012207031,2025-02-23T16:45:31.080Z,GPS,8d128459-c0a8-4ab3-b2c1-f16721b40efb,22.307110023393577,113.96378259540512,2025-02-23T16:45:32.665Z,41.290000915527344
2a8d3379-e5b0-4f95-86f1-cb732cbf5ad1,301.6000061035156,2025-02-23T16:45:26.079Z,GPS,2a8d3379-e5b0-4f95-86f1-cb732cbf5ad1,22.30680445422813,113.96430685273651,2025-02-23T16:45:27.657Z,41.16999816894531
a5afad92-f710-4d6d-a310-6d762043c884,302.6600036621094,2025-02-23T16:45:21.076Z,GPS,a5afad92-f710-4d6d-a310-6d762043c884,22.306176651669382,113.96535687011537,2025-02-23T16:45:22.657Z,42.58000183105469
e917d49f-0670-4a63-b0b1-1a04186a101b,303.3800048828125,2025-02-23T16:45:16.076Z,GPS,e917d49f-0670-4a63-b0b1-1a04186a101b,22.305525680603406,113.9664502187274,2025-02-23T16:45:17.657Z,43.58000183105469
53c7215d-8b71-40a1-8979-be7095e87835,302.5400085449219,2025-02-23T16:45:11.074Z,GPS,53c7215d-8b71-40a1-8979-be7095e87835,22.305201780139477,113.96699464491402,2025-02-23T16:45:12.905Z,43.400001525878906
d1fa0b10-e354-4df2-b5ec-dcf235d04400,302.95001220703125,2025-02-23T16:45:06.073Z,GPS,d1fa0b10-e354-4df2-b5ec-dcf235d04400,22.304573986922357,113.96804333906779,2025-02-23T16:45:07.646Z,40.15999984741211
919bf2b0-60a8-4147-be4b-4e5c6cca6663,307.8900146484375,2025-02-23T16:45:01.072Z,GPS,919bf2b0-60a8-4147-be4b-4e5c6cca6663,22.303930535919257,113.9690472098087,2025-02-23T16:45:02.916Z,40.4900016784668
138062d6-e7f4-49aa-bbc1-7bec063eebb6,319.6400146484375,2025-02-23T16:44:56.226Z,GPS,138062d6-e7f4-49aa-bbc1-7bec063eebb6,22.303535652290297,113.96948615512649,2025-02-23T16:44:57.638Z,41.4900016784668
6e201b43-51db-47c4-ace0-009c63802107,347.19000244140625,2025-02-23T16:44:51.224Z,GPS,6e201b43-51db-47c4-ace0-009c63802107,22.302484421291922,113.97005975461988,2025-02-23T16:44:52.906Z,44.40999984741211
e5707740-bf7b-4181-a3ef-8864215c6410,16.209999084472656,2025-02-23T16:44:46.223Z,GPS,e5707740-bf7b-4181-a3ef-8864215c6410,22.301258759176292,113.97002743275705,2025-02-23T16:44:47.665Z,43.88999938964844
ddcd4399-bbbe-4f4b-a5f5-d8045a5d5d66,28.610000610351562,2025-02-23T16:44:41.222Z,GPS,ddcd4399-bbbe-4f4b-a5f5-d8045a5d5d66,22.300705787829912,113.96977763462681,2025-02-23T16:44:43.063Z,42.560001373291016
f691c3e0-2e82-47cf-aff2-7de801f37a75,40.650001525878906,2025-02-23T16:44:36.219Z,GPS,f691c3e0-2e82-47cf-aff2-7de801f37a75,22.29982037178125,113.9690515672461,2025-02-23T16:44:37.632Z,37.810001373291016
32bf7c57-a231-4901-a8c0-85ffcd30e23c,61.27000045776367,2025-02-23T16:44:31.218Z,GPS,32bf7c57-a231-4901-a8c0-85ffcd30e23c,22.299138468303667,113.96823317956103,2025-02-23T16:44:33.017Z,36.13999938964844
2fdcaad8-4082-4194-b0cd-c3d85683c1d9,73.76000213623047,2025-02-23T16:44:26.216Z,GPS,2fdcaad8-4082-4194-b0cd-c3d85683c1d9,22.298944696023746,113.96772374931373,2025-02-23T16:44:27.680Z,37.369998931884766
b40a5527-e549-4432-be21-0291eab3f64e,76.62999725341797,2025-02-23T16:44:21.215Z,GPS,b40a5527-e549-4432-be21-0291eab3f64e,22.2986826719602,113.96655974442683,2025-02-23T16:44:23.190Z,42
20004b20-4600-4f9d-8cf4-33062f894644,71.51000213623047,2025-02-23T16:44:16.213Z,GPS,20004b20-4600-4f9d-8cf4-33062f894644,22.29835866052327,113.96533208718871,2025-02-23T16:44:17.658Z,43.130001068115234
dd23d3c3-7a69-48d9-83d7-57590bceb179,74.33000183105469,2025-02-23T16:44:11.212Z,GPS,dd23d3c3-7a69-48d9-83d7-57590bceb179,22.298175074314734,113.96471051179853,2025-02-23T16:44:13.054Z,44.150001525878906
80788c14-a0e2-4a83-9472-5bbce870d0f6,76.5,2025-02-23T16:44:06.210Z,GPS,80788c14-a0e2-4a83-9472-5bbce870d0f6,22.29785624905743,113.9633915427835,2025-02-23T16:44:07.635Z,46.810001373291016
07d73e60-e31d-43f0-82b3-3181447c5124,76.08000183105469,2025-02-23T16:44:01.208Z,GPS,07d73e60-e31d-43f0-82b3-3181447c5124,22.2975389414443,113.96198442664215,2025-02-23T16:44:03.361Z,48.869998931884766
9b0b6a01-a115-48ac-a9fc-0d523d078e57,77.2699966430664,2025-02-23T16:43:55.949Z,GPS,9b0b6a01-a115-48ac-a9fc-0d523d078e57,22.297383207350986,113.96127537188048,2025-02-23T16:43:57.623Z,48.119998931884766
59c3496f-9cca-45a2-a13c-9c766a0df93c,73.01000213623047,2025-02-23T16:43:50.947Z,GPS,59c3496f-9cca-45a2-a13c-9c766a0df93c,22.29704207254896,113.95988826240828,2025-02-23T16:43:52.915Z,47.88999938964844
095e4541-9e6e-4830-ad5b-fd36b9308d1c,67,2025-02-23T16:43:45.946Z,GPS,095e4541-9e6e-4830-ad5b-fd36b9308d1c,22.2966054306615,113.95858714533072,2025-02-23T16:43:47.619Z,44.959999084472656
6b64444e-44ae-49f4-9a12-01d8270796ed,65.66000366210938,2025-02-23T16:43:40.945Z,GPS,6b64444e-44ae-49f4-9a12-01d8270796ed,22.296353189305954,113.95797374939491,2025-02-23T16:43:45.557Z,44.68000030517578
05f614ab-b4a5-4747-98ef-320343458816,59.470001220703125,2025-02-23T16:43:35.943Z,GPS,05f614ab-b4a5-4747-98ef-320343458816,22.295793365945386,113.95681544955045,2025-02-23T16:43:37.624Z,43.22999954223633
d911eb97-0a70-4173-905f-a74979f2b0d8,53.900001525878906,2025-02-23T16:43:30.941Z,GPS,d911eb97-0a70-4173-905f-a74979f2b0d8,22.29513736955152,113.95572180966975,2025-02-23T16:43:33.097Z,44.119998931884766
ba51f31c-f0c4-41d7-9b48-f8e302346858,52.290000915527344,2025-02-23T16:43:25.939Z,GPS,ba51f31c-f0c4-41d7-9b48-f8e302346858,22.29476445254508,113.95519640421058,2025-02-23T16:43:27.613Z,44.02000045776367
9833292e-5ac0-43a5-94cf-a724d896549c,46.220001220703125,2025-02-23T16:43:20.938Z,GPS,9833292e-5ac0-43a5-94cf-a724d896549c,22.29395994818067,113.95418242277208,2025-02-23T16:43:23.137Z,44.79999923706055
a7554f29-fa2b-468a-88be-552657618fd9,42.86000061035156,2025-02-23T16:43:15.937Z,GPS,a7554f29-fa2b-468a-88be-552657618fd9,22.29307593088833,113.95326426062174,2025-02-23T16:43:17.625Z,43.380001068115234
d35606f0-41e4-4e4c-a9a1-79ac2c3e7141,41.09000015258789,2025-02-23T16:43:10.935Z,GPS,d35606f0-41e4-4e4c-a9a1-79ac2c3e7141,22.29260983795272,113.95281601192559,2025-02-23T16:43:12.616Z,45.959999084472656
ffa06a77-ad0a-4459-816c-fc08a37075ff,46.220001220703125,2025-02-23T16:43:05.933Z,GPS,ffa06a77-ad0a-4459-816c-fc08a37075ff,22.291649992848253,113.95188418959383,2025-02-23T16:43:07.621Z,46
a55b4dfb-27f8-4fa5-8185-a13ef3c1a4e1,56.52000045776367,2025-02-23T16:43:00.931Z,GPS,a55b4dfb-27f8-4fa5-8185-a13ef3c1a4e1,22.290899336712098,113.95083289091023,2025-02-23T16:43:02.613Z,42.65999984741211
0c29a410-b57b-4823-8bd9-13d57fe022dc,63.790000915527344,2025-02-23T16:42:56.214Z,GPS,0c29a410-b57b-4823-8bd9-13d57fe022dc,22.290604262769314,113.95028882903412,2025-02-23T16:42:57.579Z,41.029998779296875
77fde837-4e33-46d7-9ad8-7d46d8a349c2,70.80000305175781,2025-02-23T16:42:51.213Z,GPS,77fde837-4e33-46d7-9ad8-7d46d8a349c2,22.29020795457557,113.94917587791869,2025-02-23T16:42:52.582Z,37.5099983215332
2aaee2e8-5a91-419f-a0dd-ddfd5ccff7dd,86.44000244140625,2025-02-23T16:42:46.212Z,GPS,2aaee2e8-5a91-419f-a0dd-ddfd5ccff7dd,22.289947789114,113.94821523270849,2025-02-23T16:42:47.635Z,28.1299991607666
baf49fd4-6ca3-4e0d-a06d-c6388e3ae7fc,118.16000366210938,2025-02-23T16:42:41.210Z,GPS,baf49fd4-6ca3-4e0d-a06d-c6388e3ae7fc,22.290024024068984,113.94782747489853,2025-02-23T16:42:42.598Z,25.610000610351562
1991087b-7b5f-44fa-b6d4-13e6d673be6f,168.99000549316406,2025-02-23T16:42:36.208Z,GPS,1991087b-7b5f-44fa-b6d4-13e6d673be6f,22.29059843023028,113.94741488609465,2025-02-23T16:42:37.588Z,23.739999771118164
1e6a9e44-ecf9-4616-88e2-b64c7c08e49d,172.36000061035156,2025-02-23T16:42:31.207Z,GPS,1e6a9e44-ecf9-4616-88e2-b64c7c08e49d,22.291367449201633,113.94730623636167,2025-02-23T16:42:32.609Z,32.41999816894531
7d6a92ae-cf05-4da0-8c11-d309197c8ee0,173.38999938964844,2025-02-23T16:42:26.205Z,GPS,7d6a92ae-cf05-4da0-8c11-d309197c8ee0,22.291815625509795,113.94725091132842,2025-02-23T16:42:27.603Z,32.08000183105469
93b36657-eb67-419e-ad09-bfc92ea76b30,172.77000427246094,2025-02-23T16:42:21.203Z,GPS,93b36657-eb67-419e-ad09-bfc92ea76b30,22.29270364255102,113.94715292549083,2025-02-23T16:42:22.625Z,32.9900016784668
c508c9d0-1914-4437-a29b-7e1dd44bf2f2,168.8800048828125,2025-02-23T16:42:16.202Z,GPS,c508c9d0-1914-4437-a29b-7e1dd44bf2f2,22.29355248573118,113.94709543187821,2025-02-23T16:42:17.617Z,24.790000915527344
1532b6b6-c85f-4e8e-9bd8-1e5c63f847d7,189.9600067138672,2025-02-23T16:42:11.200Z,GPS,1532b6b6-c85f-4e8e-9bd8-1e5c63f847d7,22.29388331412228,113.94712225794378,2025-02-23T16:42:12.623Z,19.31999969482422
91d1b079-cf90-4f6c-a0ab-5f90da6f17d5,267.1700134277344,2025-02-23T16:42:06.199Z,GPS,91d1b079-cf90-4f6c-a0ab-5f90da6f17d5,22.29429233009435,113.94797108820822,2025-02-23T16:42:07.617Z,32.61000061035156
3ca2e4bb-bc8a-4ee0-bd01-412c5892e6a1,268.20001220703125,2025-02-23T16:42:01.197Z,GPS,3ca2e4bb-bc8a-4ee0-bd01-412c5892e6a1,22.29431239179511,113.94856863803923,2025-02-23T16:42:02.617Z,18.25
04e57117-052f-4bf8-83be-2e85cda78eb5,266.6300048828125,2025-02-23T16:41:55.690Z,GPS,04e57117-052f-4bf8-83be-2e85cda78eb5,22.29433832661265,113.94894206540282,2025-02-23T16:41:57.596Z,27.950000762939453
5c91d036-4f2e-43d5-ad40-f922a7b73451,264.010009765625,2025-02-23T16:41:50.689Z,GPS,5c91d036-4f2e-43d5-ad40-f922a7b73451,22.294426513216557,113.94978956836944,2025-02-23T16:41:52.592Z,26.280000686645508
f34d9b51-9c71-4a6a-b647-d2c42012f80e,262.0400085449219,2025-02-23T16:41:45.687Z,GPS,f34d9b51-9c71-4a6a-b647-d2c42012f80e,22.29450086988596,113.95062724181243,2025-02-23T16:41:47.576Z,32.7400016784668
8b751f13-4c04-491e-8e44-12af346569c3,264.260009765625,2025-02-23T16:41:40.685Z,GPS,8b751f13-4c04-491e-8e44-12af346569c3,22.294554124120417,113.9510938201559,2025-02-23T16:41:42.593Z,31.549999237060547
958312ee-6782-48a3-88ae-fc648b7b8f11,246.75,2025-02-23T16:41:35.683Z,GPS,958312ee-6782-48a3-88ae-fc648b7b8f11,22.294652503408845,113.95181201857987,2025-02-23T16:41:37.573Z,16.3700008392334
c9784e9f-398d-42fe-87d6-a5e62c6e425f,168.85000610351562,2025-02-23T16:41:30.682Z,GPS,c9784e9f-398d-42fe-87d6-a5e62c6e425f,22.294958995398215,113.9518590080252,2025-02-23T16:41:32.566Z,4.400000095367432
9a414cb2-2731-44a9-b6da-516ad3c51866,161.3800048828125,2025-02-23T16:41:25.681Z,GPS,9a414cb2-2731-44a9-b6da-516ad3c51866,22.29499116964717,113.95181351629591,2025-02-23T16:41:27.566Z,2.299999952316284
9d561114-78e6-4abb-9de7-608b4277aafe,164.25,2025-02-23T16:41:20.681Z,GPS,9d561114-78e6-4abb-9de7-608b4277aafe,22.29509908921442,113.95129911172518,2025-02-23T16:41:22.574Z,6.139999866485596
85c9e468-3323-448c-81a0-386d249a4feb,0,2025-02-23T16:41:15.679Z,GPS,85c9e468-3323-448c-81a0-386d249a4feb,22.295447168987042,113.95181601313101,2025-02-23T16:41:17.897Z,0
01688bb5-0374-4c72-84f9-6cdf80c1980e,200.02999877929688,2025-02-23T16:41:10.678Z,GPS,01688bb5-0374-4c72-84f9-6cdf80c1980e,22.295599794714885,113.95206096673454,2025-02-23T16:41:12.587Z,16.1299991607666
84851a65-bdb0-472a-9228-144e3901935a,169.57000732421875,2025-02-23T16:41:05.677Z,GPS,84851a65-bdb0-472a-9228-144e3901935a,22.296129806529002,113.95198831040457,2025-02-23T16:41:07.972Z,21.760000228881836
67708943-4aee-482c-a4b0-ebcafcb0f4f8,111.1500015258789,2025-02-23T16:41:00.675Z,GPS,67708943-4aee-482c-a4b0-ebcafcb0f4f8,22.296545987890518,113.95189882455705,2025-02-23T16:41:02.572Z,5.900000095367432
7bd5f672-5bd4-41a5-a272-6a165935411e,73.75,2025-02-23T16:40:56.197Z,GPS,7bd5f672-5bd4-41a5-a272-6a165935411e,22.296558983406594,113.9519256528288,2025-02-23T16:40:58.019Z,3.119999885559082
2a57a3a9-6539-41cf-a748-74bb101e5d0a,341.010009765625,2025-02-23T16:40:51.195Z,GPS,2a57a3a9-6539-41cf-a748-74bb101e5d0a,22.29623125474027,113.9513022710965,2025-02-23T16:40:52.591Z,41.900001525878906
ba519c09-e27d-45e7-bf09-45b2d4d67f87,0,2025-02-23T16:40:46.193Z,GPS,ba519c09-e27d-45e7-bf09-45b2d4d67f87,22.29586589755608,113.95144524648725,2025-02-23T16:40:47.914Z,4.639999866485596
3a112544-ef67-40ae-ad98-fcb79aaed0b6,133.25,2025-02-23T16:40:41.192Z,GPS,3a112544-ef67-40ae-ad98-fcb79aaed0b6,22.296077256143104,113.95129444014307,2025-02-23T16:40:42.624Z,18.469999313354492
c24a894e-27d8-4c08-8e81-74855ad3c421,145.8300018310547,2025-02-23T16:40:36.191Z,GPS,c24a894e-27d8-4c08-8e81-74855ad3c421,22.29624632035377,113.95091367738473,2025-02-23T16:40:37.548Z,9.779999732971191
21c563a9-69e7-479f-9cb6-b0ff7862a439,0,2025-02-23T16:40:31.189Z,GPS,21c563a9-69e7-479f-9cb6-b0ff7862a439,22.29626299426604,113.95087085202735,2025-02-23T16:40:32.548Z,3.8299999237060547
47830954-1031-4184-9dc1-6046b69ca213,358.29998779296875,2025-02-23T16:40:26.188Z,GPS,47830954-1031-4184-9dc1-6046b69ca213,22.296266488476956,113.95090501223207,2025-02-23T16:40:27.548Z,10.9399995803833
51a38a58-3981-40a7-b10f-62c2b275a480,313.6400146484375,2025-02-23T16:40:21.186Z,GPS,51a38a58-3981-40a7-b10f-62c2b275a480,22.296119822567423,113.95090101385412,2025-02-23T16:40:22.555Z,7.670000076293945
8d8eb594-873d-473d-812b-d3e473c34088,0,2025-02-23T16:40:16.184Z,GPS,8d8eb594-873d-473d-812b-d3e473c34088,22.295971669197513,113.95082302944112,2025-02-23T16:40:17.550Z,4.010000228881836
b6c261db-87b9-4783-b645-2c39a57d5ee0,0,2025-02-23T16:40:11.182Z,GPS,b6c261db-87b9-4783-b645-2c39a57d5ee0,22.295973999506536,113.95084085939604,2025-02-23T16:40:12.550Z,10.029999732971191
c74da163-3d9a-4122-bed8-5d9856799657,0,2025-02-23T16:40:06.181Z,GPS,c74da163-3d9a-4122-bed8-5d9856799657,22.29590580666266,113.9509956639559,2025-02-23T16:40:07.530Z,6.230000019073486
730abf4b-159e-4a40-8ffe-14bf00c1ab1b,133.0500030517578,2025-02-23T16:40:01.178Z,GPS,730abf4b-159e-4a40-8ffe-14bf00c1ab1b,22.29594781918939,113.95092151100869,2025-02-23T16:40:02.538Z,12.949999809265137
96986a53-489e-4daa-b3a6-d90ba5e91b0a,0,2025-02-23T16:39:55.958Z,GPS,96986a53-489e-4daa-b3a6-d90ba5e91b0a,22.296030663318007,113.95085752258359,2025-02-23T16:39:57.530Z,2.549999952316284
80bef7fe-93f9-4a83-8690-73a778f890ea,284.45001220703125,2025-02-23T16:39:50.957Z,GPS,80bef7fe-93f9-4a83-8690-73a778f890ea,22.295770060831057,113.95146574322119,2025-02-23T16:39:52.530Z,27.950000762939453
6d3a99ef-6981-4d3c-b64d-cab40deb326b,0,2025-02-23T16:39:45.955Z,GPS,6d3a99ef-6981-4d3c-b64d-cab40deb326b,22.295741687305274,113.95170553195872,2025-02-23T16:39:47.518Z,3.819999933242798
d16cd4f6-cc77-4aef-a53b-6d8566089538,0,2025-02-23T16:39:40.953Z,GPS,d16cd4f6-cc77-4aef-a53b-6d8566089538,22.295784519722964,113.95171086404476,2025-02-23T16:39:42.532Z,0
710dccda-14ef-4306-85f2-20d770f2e9f9,108.2300033569336,2025-02-23T16:39:35.952Z,GPS,710dccda-14ef-4306-85f2-20d770f2e9f9,22.295557362023064,113.9516580419034,2025-02-23T16:39:37.527Z,8.140000343322754
90d0769e-ac75-42c9-8ecb-2d0ca8c7f110,0,2025-02-23T16:39:30.950Z,GPS,90d0769e-ac75-42c9-8ecb-2d0ca8c7f110,22.295558004126683,113.9518048478854,2025-02-23T16:39:32.518Z,9.029999732971191
7d440529-b68d-4d63-8375-0ad77f7956e9,147.25,2025-02-23T16:39:25.948Z,GPS,7d440529-b68d-4d63-8375-0ad77f7956e9,22.2955305024706,113.9518148461879,2025-02-23T16:39:27.531Z,15.640000343322754
4749d54c-fa3c-459d-93e1-b8b8644326b4,131.25,2025-02-23T16:39:20.947Z,GPS,4749d54c-fa3c-459d-93e1-b8b8644326b4,22.295689690067036,113.95168920197688,2025-02-23T16:39:22.508Z,7.880000114440918
8ae98a1d-bcfa-4a5e-9122-139538959bac,0,2025-02-23T16:39:15.947Z,GPS,8ae98a1d-bcfa-4a5e-9122-139538959bac,22.296145572417895,113.951395587457,2025-02-23T16:39:17.625Z,12.069999694824219
27963ef9-5d46-4355-a5c7-8014ea78c3ad,186.97000122070312,2025-02-23T16:39:10.945Z,GPS,27963ef9-5d46-4355-a5c7-8014ea78c3ad,22.296246411161512,113.9513630929441,2025-02-23T16:39:12.520Z,12.140000343322754
2493be6a-f71c-449a-9ab4-4365a3944971,264.4200134277344,2025-02-23T16:39:05.943Z,GPS,2493be6a-f71c-449a-9ab4-4365a3944971,22.296443377657443,113.95156188793295,2025-02-23T16:39:07.502Z,14.149999618530273
9966428d-7421-420d-ab2a-b11af4a8e0f4,322.9800109863281,2025-02-23T16:39:00.941Z,GPS,9966428d-7421-420d-ab2a-b11af4a8e0f4,22.296095361508506,113.9516593718024,2025-02-23T16:39:02.527Z,10.25
23fc82a0-ba96-4bf1-839e-ad15dfccfef0,0,2025-02-23T16:38:56.148Z,GPS,23fc82a0-ba96-4bf1-839e-ad15dfccfef0,22.295748826918306,113.95186733513259,2025-02-23T16:38:57.516Z,0
b64abfa3-fc98-48c4-a006-1eda149ad403,8.920000076293945,2025-02-23T16:38:51.147Z,GPS,b64abfa3-fc98-48c4-a006-1eda149ad403,22.29494944936293,113.95213529014934,2025-02-23T16:38:52.508Z,16.299999237060547
044bd25b-81d2-4a1c-909c-f351fbf8a7e6,80.69999694824219,2025-02-23T16:38:46.145Z,GPS,044bd25b-81d2-4a1c-909c-f351fbf8a7e6,22.2947330136746,113.95175036291337,2025-02-23T16:38:47.508Z,22.68000030517578
4a1740c0-e520-4753-8c3d-bdb9ffc21cc4,82.51000213623047,2025-02-23T16:38:41.143Z,GPS,4a1740c0-e520-4753-8c3d-bdb9ffc21cc4,22.2946820853367,113.95132344296664,2025-02-23T16:38:42.516Z,33.650001525878906
29fff112-1f1d-48aa-9f71-f1e306dcb6a2,82.94999694824219,2025-02-23T16:38:36.141Z,GPS,29fff112-1f1d-48aa-9f71-f1e306dcb6a2,22.29455678071216,113.95017282775062,2025-02-23T16:38:37.496Z,40.720001220703125
6ffdd7db-3491-4c35-a1f1-d86969887050,82.79000091552734,2025-02-23T16:38:31.140Z,GPS,6ffdd7db-3491-4c35-a1f1-d86969887050,22.294416822222786,113.94896706010023,2025-02-23T16:38:32.511Z,40.02000045776367
5ce8a44f-79d0-49ab-a0bc-2f03f6d6ab88,82.80000305175781,2025-02-23T16:38:26.138Z,GPS,5ce8a44f-79d0-49ab-a0bc-2f03f6d6ab88,22.29434575713153,113.94838584011904,2025-02-23T16:38:27.493Z,37.66999816894531
33b00876-202e-4e90-8f45-c099b349ec98,82.55999755859375,2025-02-23T16:38:21.136Z,GPS,33b00876-202e-4e90-8f45-c099b349ec98,22.294217273384007,113.94735021086566,2025-02-23T16:38:22.492Z,30.860000610351562
76241802-9955-4385-b61e-f986aa3b36af,81.55999755859375,2025-02-23T16:38:16.136Z,GPS,76241802-9955-4385-b61e-f986aa3b36af,22.29413423182032,113.94664968371403,2025-02-23T16:38:17.617Z,13.390000343322754
cad9e295-b608-418f-86d9-45fe9d6ba886,0,2025-02-23T16:38:11.134Z,GPS,cad9e295-b608-418f-86d9-45fe9d6ba886,22.294124578041576,113.9465778647577,2025-02-23T16:38:12.502Z,0
d8728777-670d-4801-aaa3-1a4299575ca7,0,2025-02-23T16:38:06.133Z,GPS,d8728777-670d-4801-aaa3-1a4299575ca7,22.294125911254646,113.94657853128354,2025-02-23T16:38:07.482Z,0
f8aad22e-96c3-4baf-b183-d498bd96f2b7,0,2025-02-23T16:38:01.132Z,GPS,f8aad22e-96c3-4baf-b183-d498bd96f2b7,22.294127744497374,113.94657903117303,2025-02-23T16:38:02.482Z,0
22e86543-f02d-49d1-9628-f861a4d5d98f,0,2025-02-23T16:37:56.128Z,GPS,22e86543-f02d-49d1-9628-f861a4d5d98f,22.294128244317708,113.94658003097065,2025-02-23T16:37:57.478Z,0
2c86026d-2b92-42e7-aa3c-db945211c240,0,2025-02-23T16:37:51.127Z,GPS,2c86026d-2b92-42e7-aa3c-db945211c240,22.294127577442033,113.94658119740858,2025-02-23T16:37:52.482Z,0
b78612e3-3394-40a0-b168-73eff1c9559f,0,2025-02-23T16:37:46.125Z,GPS,b78612e3-3394-40a0-b168-73eff1c9559f,22.294128077232475,113.94658236383965,2025-02-23T16:37:47.466Z,0.15000000596046448
16f9eda1-c18c-46cf-8588-aed4c0fb7f38,0,2025-02-23T16:37:41.125Z,GPS,16f9eda1-c18c-46cf-8588-aed4c0fb7f38,22.294130243688763,113.94658353026088,2025-02-23T16:37:42.483Z,0.05000000074505806
fd1e150a-b90f-4ce7-803f-373807c17a13,82,2025-02-23T16:37:36.123Z,GPS,fd1e150a-b90f-4ce7-803f-373807c17a13,22.294100780259765,113.94638007106695,2025-02-23T16:37:37.469Z,16.649999618530273
33b95548-57b6-4a2c-94ed-baa06b30e4c9,82.54000091552734,2025-02-23T16:37:31.118Z,GPS,33b95548-57b6-4a2c-94ed-baa06b30e4c9,22.29401374125257,113.94567371340847,2025-02-23T16:37:32.513Z,28.760000228881836
f99a58b0-beaa-4b89-8365-b4adb358ea5b,82.68000030517578,2025-02-23T16:37:26.108Z,GPS,f99a58b0-beaa-4b89-8365-b4adb358ea5b,22.293959653570877,113.94523963479942,2025-02-23T16:37:27.473Z,30.34000015258789
a9689f6d-ddb5-4257-bad0-7f084c54c4f5,82.08000183105469,2025-02-23T16:37:21.106Z,GPS,a9689f6d-ddb5-4257-bad0-7f084c54c4f5,22.29383950053902,113.9442568357595,2025-02-23T16:37:22.481Z,33.63999938964844
86d0574b-1918-41d7-b2f3-6d195264abc1,80.7300033569336,2025-02-23T16:37:16.104Z,GPS,86d0574b-1918-41d7-b2f3-6d195264abc1,22.293735493995733,113.94339301417791,2025-02-23T16:37:17.453Z,23.510000228881836
bcf80c3e-ca18-4969-b021-a9308b5cca71,84.08999633789062,2025-02-23T16:37:11.103Z,GPS,bcf80c3e-ca18-4969-b021-a9308b5cca71,22.29369621213418,113.94311707155505,2025-02-23T16:37:12.774Z,12.59000015258789
ac750353-4f36-4c0d-8b1f-6c5e71c183b9,0,2025-02-23T16:37:06.101Z,GPS,ac750353-4f36-4c0d-8b1f-6c5e71c183b9,22.293689892594056,113.94304325357433,2025-02-23T16:37:07.454Z,0.09000000357627869
57d63427-ae0c-49e0-af0f-39cda9c2bfc5,82.91000366210938,2025-02-23T16:37:01.100Z,GPS,57d63427-ae0c-49e0-af0f-39cda9c2bfc5,22.29369172978853,113.94302259118594,2025-02-23T16:37:02.830Z,4.460000038146973
1cb428fc-fb96-48d3-b5ec-4877d6964010,83.25,2025-02-23T16:36:55.149Z,GPS,1cb428fc-fb96-48d3-b5ec-4877d6964010,22.29367874946019,113.94291744643566,2025-02-23T16:36:57.497Z,9.3100004196167
49cf3de6-3af0-4bce-beb7-50f549aeeb1d,82.75,2025-02-23T16:36:50.147Z,GPS,49cf3de6-3af0-4bce-beb7-50f549aeeb1d,22.293621171883718,113.94244271234639,2025-02-23T16:36:52.447Z,20.8700008392334
af4602b2-2d2a-40b5-be81-b960b3acb84f,81.26000213623047,2025-02-23T16:36:45.145Z,GPS,af4602b2-2d2a-40b5-be81-b960b3acb84f,22.29354280480836,113.94173869369689,2025-02-23T16:36:47.467Z,27.010000228881836
4689847a-e614-4ee6-a92a-7511a4a911fc,76.37000274658203,2025-02-23T16:36:40.144Z,GPS,4689847a-e614-4ee6-a92a-7511a4a911fc,22.293474046149036,113.94134544364056,2025-02-23T16:36:42.467Z,24.75
1d60d16d-116b-48ba-8a0f-f22b9a9ca715,127.51000213623047,2025-02-23T16:36:35.142Z,GPS,1d60d16d-116b-48ba-8a0f-f22b9a9ca715,22.29357414465922,113.94082855246624,2025-02-23T16:36:37.451Z,16.959999084472656
a0b8f361-72f7-4033-88b9-13dd93c26264,90.08999633789062,2025-02-23T16:36:30.140Z,GPS,a0b8f361-72f7-4033-88b9-13dd93c26264,22.29359973803385,113.94034115598176,2025-02-23T16:36:32.468Z,16.299999237060547
e743f54f-3c7b-420f-bace-8e51487bc2b6,38.43000030517578,2025-02-23T16:36:25.138Z,GPS,e743f54f-3c7b-420f-bace-8e51487bc2b6,22.293537438581925,113.94016502725852,2025-02-23T16:36:27.443Z,12.210000038146973
9bd83baa-6854-4561-bff0-f5d725143764,0,2025-02-23T16:36:20.136Z,GPS,9bd83baa-6854-4561-bff0-f5d725143764,22.293031795967494,113.94004122334083,2025-02-23T16:36:22.427Z,0
21d95c62-4cf2-43d9-b68d-e3158d9a5491,0,2025-02-23T16:36:15.134Z,GPS,21d95c62-4cf2-43d9-b68d-e3158d9a5491,22.29256340727738,113.93946584940856,2025-02-23T16:36:17.434Z,0
60bd91be-3cc3-4856-a63e-24fa94eb5454,46.560001373291016,2025-02-23T16:36:10.134Z,GPS,60bd91be-3cc3-4856-a63e-24fa94eb5454,22.292284132084223,113.93916658210784,2025-02-23T16:36:12.436Z,25.450000762939453
cbf345e9-b350-4df0-86be-616f14f24764,44.20000076293945,2025-02-23T16:36:05.132Z,GPS,cbf345e9-b350-4df0-86be-616f14f24764,22.292043517664112,113.93889830805637,2025-02-23T16:36:07.425Z,4.070000171661377
3f303316-5797-4d6b-972a-d36959352765,42.95000076293945,2025-02-23T16:36:00.130Z,GPS,3f303316-5797-4d6b-972a-d36959352765,22.291815896894384,113.9386631935537,2025-02-23T16:36:02.432Z,19.290000915527344
91eb8923-7cc5-4991-bdee-26f4ce85b646,43.45000076293945,2025-02-23T16:35:55.868Z,GPS,91eb8923-7cc5-4991-bdee-26f4ce85b646,22.29157494383469,113.93842324694687,2025-02-23T16:35:57.423Z,27.850000381469727
58793308-7e38-4c6f-9381-75dd8643e875,44.900001525878906,2025-02-23T16:35:50.867Z,GPS,58793308-7e38-4c6f-9381-75dd8643e875,22.290901248144525,113.93772240333008,2025-02-23T16:35:52.425Z,34.16999816894531
fe2a305c-f322-416d-8b56-7166085f638b,71.33999633789062,2025-02-23T16:35:45.865Z,GPS,fe2a305c-f322-416d-8b56-7166085f638b,22.29047505804256,113.93699689789818,2025-02-23T16:35:47.416Z,24.100000381469727
7e474ef8-28ff-4161-b286-8db058bc451e,102.58999633789062,2025-02-23T16:35:40.863Z,GPS,7e474ef8-28ff-4161-b286-8db058bc451e,22.290471630989096,113.93662864551713,2025-02-23T16:35:42.403Z,28.459999084472656
80d19502-ade2-4ff8-a66c-4de7367fe2ae,103.91000366210938,2025-02-23T16:35:35.862Z,GPS,80d19502-ade2-4ff8-a66c-4de7367fe2ae,22.290705839219402,113.93558287525887,2025-02-23T16:35:37.401Z,40.68000030517578
68d66a9a-4117-4429-8219-ff7dc259719b,104,2025-02-23T16:35:30.861Z,GPS,68d66a9a-4117-4429-8219-ff7dc259719b,22.290963405661063,113.9344219657796,2025-02-23T16:35:32.403Z,38.439998626708984
e0c158ac-106b-48b9-96d3-4dd4e345b159,102.9800033569336,2025-02-23T16:35:25.860Z,GPS,e0c158ac-106b-48b9-96d3-4dd4e345b159,22.291080847669317,113.93388408568576,2025-02-23T16:35:30.446Z,36.560001373291016
06274f2e-9bb0-457d-9152-abb6533e8af3,104.22000122070312,2025-02-23T16:35:20.858Z,GPS,06274f2e-9bb0-457d-9152-abb6533e8af3,22.29127254539014,113.93291063728049,2025-02-23T16:35:22.397Z,31.34000015258789
25034e51-b8f8-42d0-bbea-7fb2c771fdfa,115.68000030517578,2025-02-23T16:35:15.857Z,GPS,25034e51-b8f8-42d0-bbea-7fb2c771fdfa,22.29140485933589,113.93218963324085,2025-02-23T16:35:17.409Z,24.690000534057617
23a6983d-62db-4523-8561-4abaef5686a9,157.16000366210938,2025-02-23T16:35:10.855Z,GPS,23a6983d-62db-4523-8561-4abaef5686a9,22.291562215894814,113.93207599148121,2025-02-23T16:35:12.389Z,21.979999542236328
51938a07-3a13-4d36-bef9-a715e815a99e,187.77999877929688,2025-02-23T16:35:05.854Z,GPS,51938a07-3a13-4d36-bef9-a715e815a99e,22.292364922858415,113.93187803183642,2025-02-23T16:35:07.397Z,33.310001373291016
98ace131-e8e4-46c4-a151-6e5c8c42031e,205.77000427246094,2025-02-23T16:35:00.853Z,GPS,98ace131-e8e4-46c4-a151-6e5c8c42031e,22.29333451983498,113.93221611599196,2025-02-23T16:35:02.406Z,38.959999084472656
2c64075b-fc6d-45b4-89de-8531118e56e5,211.7100067138672,2025-02-23T16:34:55.938Z,GPS,2c64075b-fc6d-45b4-89de-8531118e56e5,22.29382529238867,113.93251221261335,2025-02-23T16:34:57.413Z,41.47999954223633
8429c708-39ec-43d1-9daa-9c0e84c3a602,211.4600067138672,2025-02-23T16:34:50.937Z,GPS,8429c708-39ec-43d1-9daa-9c0e84c3a602,22.294793829727755,113.93314423065179,2025-02-23T16:34:52.404Z,39.279998779296875
0412f5d5-9b9a-4ff2-be5f-7f5e97116030,192.11000061035156,2025-02-23T16:34:45.935Z,GPS,0412f5d5-9b9a-4ff2-be5f-7f5e97116030,22.295751912581427,113.93355446590526,2025-02-23T16:34:47.412Z,34.70000076293945
beb7dba7-1301-4cbd-9709-e4b44c6614a9,209.16000366210938,2025-02-23T16:34:40.934Z,GPS,beb7dba7-1301-4cbd-9709-e4b44c6614a9,22.296193547202204,113.93371142800652,2025-02-23T16:34:42.485Z,31.940000534057617
bbc42f21-377e-431d-8159-d7b6f7876610,251.27000427246094,2025-02-23T16:34:35.933Z,GPS,bbc42f21-377e-431d-8159-d7b6f7876610,22.29670955203295,113.93451057908568,2025-02-23T16:34:37.377Z,35.900001525878906
9bab8d70-9165-49de-b98b-abff96c21341,236.5800018310547,2025-02-23T16:34:30.932Z,GPS,9bab8d70-9165-49de-b98b-abff96c21341,22.297101680156693,113.93553118270034,2025-02-23T16:34:32.406Z,35.720001220703125
3a712cbf-67e7-4589-987f-bef4c8061c24,216.72000122070312,2025-02-23T16:34:25.931Z,GPS,3a712cbf-67e7-4589-987f-bef4c8061c24,22.297428772441716,113.93590259844837,2025-02-23T16:34:27.401Z,33.650001525878906
4bc3b932-6b7e-4f8e-bbad-2b9cb37feec7,170.07000732421875,2025-02-23T16:34:20.930Z,GPS,4bc3b932-6b7e-4f8e-bbad-2b9cb37feec7,22.298345894498286,113.93612404409888,2025-02-23T16:34:22.417Z,36.900001525878906
75b15205-4974-43f0-bed7-c7cdd0c14b37,169.22000122070312,2025-02-23T16:34:15.927Z,GPS,75b15205-4974-43f0-bed7-c7cdd0c14b37,22.29941078078342,113.93585576388412,2025-02-23T16:34:17.389Z,39.52000045776367
6d5a55c0-7387-4096-9998-732a90fe017c,177,2025-02-23T16:34:10.926Z,GPS,6d5a55c0-7387-4096-9998-732a90fe017c,22.29993479401595,113.93578810913624,2025-02-23T16:34:12.400Z,36.709999084472656
e82c82b4-e152-4bcd-a3a4-b1b2323c72ce,190.25,2025-02-23T16:34:05.925Z,GPS,e82c82b4-e152-4bcd-a3a4-b1b2323c72ce,22.300890783649045,113.93583742594446,2025-02-23T16:34:10.567Z,33.29999923706055
ceb175e5-cc37-4000-b2a6-1239b0f4bc35,182.27000427246094,2025-02-23T16:34:00.924Z,GPS,ceb175e5-cc37-4000-b2a6-1239b0f4bc35,22.301862423868222,113.93596722484732,2025-02-23T16:34:02.400Z,37.2599983215332
392ba39f-144d-4569-9f6c-c3356719fa32,186.32000732421875,2025-02-23T16:33:55.567Z,GPS,392ba39f-144d-4569-9f6c-c3356719fa32,22.302405249314006,113.93600521326022,2025-02-23T16:33:57.384Z,40.36000061035156
86368725-fe0d-4016-9004-eafd909eaa0d,197.8800048828125,2025-02-23T16:33:50.566Z,GPS,86368725-fe0d-4016-9004-eafd909eaa0d,22.303547691851076,113.93629031022446,2025-02-23T16:33:52.387Z,43.790000915527344
8e01af30-451c-4fbc-8c5e-f1d12949bc32,199.0500030517578,2025-02-23T16:33:45.565Z,GPS,8e01af30-451c-4fbc-8c5e-f1d12949bc32,22.304741436383456,113.93673370550947,2025-02-23T16:33:47.398Z,45.970001220703125
845a0df4-6463-4a94-8bd5-f4b25d7646f7,200.13999938964844,2025-02-23T16:33:40.559Z,GPS,845a0df4-6463-4a94-8bd5-f4b25d7646f7,22.305340892004995,113.93695581983737,2025-02-23T16:33:42.358Z,44.77000045776367
2bde3472-86b6-484b-8d31-9eb81546aeb5,195.5500030517578,2025-02-23T16:33:35.558Z,GPS,2bde3472-86b6-484b-8d31-9eb81546aeb5,22.306518144075405,113.93736322360157,2025-02-23T16:33:37.426Z,44.86000061035156
f70f0f48-73ad-4510-9769-caa890a03df5,187.5,2025-02-23T16:33:30.556Z,GPS,f70f0f48-73ad-4510-9769-caa890a03df5,22.30779458707923,113.93764815380307,2025-02-23T16:33:32.370Z,47.619998931884766
a4a1a2fe-bf78-410d-8e9a-1088c2bc3ae3,183.52000427246094,2025-02-23T16:33:25.555Z,GPS,a4a1a2fe-bf78-410d-8e9a-1088c2bc3ae3,22.308459906678586,113.9377156351571,2025-02-23T16:33:27.380Z,47.86000061035156
49a16446-1bb2-45b9-8fd2-b417aa3c0e95,188.52000427246094,2025-02-23T16:33:20.555Z,GPS,49a16446-1bb2-45b9-8fd2-b417aa3c0e95,22.30981854500394,113.93785493010978,2025-02-23T16:33:22.380Z,48.56999969482422
8bab1d31-4d5e-4a26-88bb-f7b8308bb5a2,206.8000030517578,2025-02-23T16:33:15.553Z,GPS,8bab1d31-4d5e-4a26-88bb-f7b8308bb5a2,22.311094794791494,113.9382761642561,2025-02-23T16:33:17.926Z,46.84000015258789
e9439e39-2fc5-4f45-b530-0ec466e54230,212.1300048828125,2025-02-23T16:33:10.551Z,GPS,e9439e39-2fc5-4f45-b530-0ec466e54230,22.311640729754924,113.93860675598947,2025-02-23T16:33:13.025Z,42.529998779296875
d6c2a4ab-0c1b-44ab-ab67-f15f3d0b1e28,222,2025-02-23T16:33:05.549Z,GPS,d6c2a4ab-0c1b-44ab-ab67-f15f3d0b1e28,22.312488253761963,113.93933659339315,2025-02-23T16:33:08.415Z,35.81999969482422
e62d8836-5a46-4007-b557-9d515e796f54,206.47000122070312,2025-02-23T16:33:00.547Z,GPS,e62d8836-5a46-4007-b557-9d515e796f54,22.31317014058155,113.93991896434576,2025-02-23T16:33:02.541Z,24.709999084472656
9f2a33df-aa36-4e7e-9ca8-9fb722e869d6,231.3000030517578,2025-02-23T16:32:55.732Z,GPS,9f2a33df-aa36-4e7e-9ca8-9fb722e869d6,22.31348977163423,113.94010242321048,2025-02-23T16:32:57.360Z,23.31999969482422
bb22317d-f912-492b-a267-681eb2e05590,179.94000244140625,2025-02-23T16:32:50.731Z,GPS,bb22317d-f912-492b-a267-681eb2e05590,22.31393169853439,113.94048083985415,2025-02-23T16:32:52.364Z,19.940000534057617
b8f06e06-5886-4483-8f64-718102bb7bb1,0,2025-02-23T16:32:45.729Z,GPS,b8f06e06-5886-4483-8f64-718102bb7bb1,22.314217209371364,113.94042318378455,2025-02-23T16:32:47.344Z,0
b3185a87-d6e2-47f5-81cc-7f3ad95188aa,0,2025-02-23T16:32:40.728Z,GPS,b3185a87-d6e2-47f5-81cc-7f3ad95188aa,22.31421670866792,113.9404268496729,2025-02-23T16:32:42.385Z,0.15000000596046448
9b4a0e6a-9284-4ae5-b727-126acee3a5ce,0,2025-02-23T16:32:35.718Z,GPS,9b4a0e6a-9284-4ae5-b727-126acee3a5ce,22.314230874939245,113.94042884916311,2025-02-23T16:32:37.380Z,0.49000000953674316
51e2f4be-3a2a-4cb2-88da-842ffc6e2846,187.8000030517578,2025-02-23T16:32:30.717Z,GPS,51e2f4be-3a2a-4cb2-88da-842ffc6e2846,22.314458373731384,113.94043418001597,2025-02-23T16:32:32.360Z,15.210000038146973
47fd4e94-8c8f-4c12-aebe-6ab75425f8fa,203.52000427246094,2025-02-23T16:32:25.716Z,GPS,47fd4e94-8c8f-4c12-aebe-6ab75425f8fa,22.31471602224958,113.94052765858183,2025-02-23T16:32:27.328Z,23.549999237060547
b1ccd652-bdb9-4401-9ce5-b86124ceac2f,177.07000732421875,2025-02-23T16:32:20.714Z,GPS,b1ccd652-bdb9-4401-9ce5-b86124ceac2f,22.315435984901764,113.94071944686137,2025-02-23T16:32:22.308Z,29.68000030517578
9ffb3d91-dd3d-4d89-84de-5825e3c5ab47,159.4600067138672,2025-02-23T16:32:15.713Z,GPS,9ffb3d91-dd3d-4d89-84de-5825e3c5ab47,22.316288847725065,113.94056180867905,2025-02-23T16:32:17.316Z,29.280000686645508
3cad056c-a159-428e-9cf9-b63e78f59285,160.61000061035156,2025-02-23T16:32:10.712Z,GPS,3cad056c-a159-428e-9cf9-b63e78f59285,22.316654379105838,113.94039667502673,2025-02-23T16:32:12.384Z,25.59000015258789
356168cd-2484-4cc1-9ec3-31a42abb82e6,159.27000427246094,2025-02-23T16:32:05.710Z,GPS,356168cd-2484-4cc1-9ec3-31a42abb82e6,22.317360435837674,113.9400985678245,2025-02-23T16:32:07.339Z,27.139999389648438
a44209dd-3498-4d84-855f-810d5931fa64,158.2100067138672,2025-02-23T16:32:00.709Z,GPS,a44209dd-3498-4d84-855f-810d5931fa64,22.31808066201717,113.9397867969777,2025-02-23T16:32:02.327Z,27.959999084472656
ccfdeefd-52e0-4102-86f7-4ab1913b10c2,157.66000366210938,2025-02-23T16:31:55.138Z,GPS,ccfdeefd-52e0-4102-86f7-4ab1913b10c2,22.318419356893973,113.9396393266128,2025-02-23T16:31:57.319Z,24.260000228881836
fba120bc-2787-426d-8f96-ac5a8167efaa,134.88999938964844,2025-02-23T16:31:50.137Z,GPS,fba120bc-2787-426d-8f96-ac5a8167efaa,22.31895657889158,113.93935121870209,2025-02-23T16:31:52.300Z,21.329999923706055
8a24d70f-7d8c-4afc-8e12-1ed96f9c6225,143.61000061035156,2025-02-23T16:31:45.136Z,GPS,8a24d70f-7d8c-4afc-8e12-1ed96f9c6225,22.319373313780503,113.93899812569246,2025-02-23T16:31:47.307Z,17.489999771118164
42d740d9-f334-4068-9665-4ace8f41beaa,114.93000030517578,2025-02-23T16:31:40.135Z,GPS,42d740d9-f334-4068-9665-4ace8f41beaa,22.31953184741642,113.93882466223846,2025-02-23T16:31:42.319Z,15.239999771118164
f22b0f4c-7ea9-4c50-8b97-0dd7923b5f6b,105.80999755859375,2025-02-23T16:31:35.133Z,GPS,f22b0f4c-7ea9-4c50-8b97-0dd7923b5f6b,22.319647780137185,113.93831527195424,2025-02-23T16:31:37.327Z,18.030000686645508
873c6606-6ca9-42ed-86c9-57aa69682629,102.9800033569336,2025-02-23T16:31:30.128Z,GPS,873c6606-6ca9-42ed-86c9-57aa69682629,22.31985407510347,113.93766074663155,2025-02-23T16:31:32.323Z,19.540000915527344
a3a3df26-3e3b-4bea-a2b6-f6431b8c0e59,91.62999725341797,2025-02-23T16:31:25.124Z,GPS,a3a3df26-3e3b-4bea-a2b6-f6431b8c0e59,22.319891465710807,113.93736997666066,2025-02-23T16:31:27.309Z,19.15999984741211
4ca6575f-7d79-483c-8730-173db794c9d7,115.55000305175781,2025-02-23T16:31:20.122Z,GPS,4ca6575f-7d79-483c-8730-173db794c9d7,22.319965065085043,113.93686708655096,2025-02-23T16:31:22.321Z,15.8100004196167
148c4ab7-1a62-4e03-a1cb-b786f247e497,95.12999725341797,2025-02-23T16:31:15.120Z,GPS,148c4ab7-1a62-4e03-a1cb-b786f247e497,22.32005027523033,113.9366474677017,2025-02-23T16:31:17.309Z,14.75
1013df02-2af3-4a88-a8e7-e9cfb95849fb,18.399999618530273,2025-02-23T16:31:10.119Z,GPS,1013df02-2af3-4a88-a8e7-e9cfb95849fb,22.319798862128888,113.93621156534061,2025-02-23T16:31:12.301Z,22.280000686645508
3dfdc49e-55ad-4955-bd9f-7088e72b8ad0,346.7699890136719,2025-02-23T16:31:05.117Z,GPS,3dfdc49e-55ad-4955-bd9f-7088e72b8ad0,22.319472710291357,113.93613858339565,2025-02-23T16:31:07.309Z,3.4700000286102295
d3d3d337-6463-49e1-827d-dab5fa86c189,341.1000061035156,2025-02-23T16:31:00.115Z,GPS,d3d3d337-6463-49e1-827d-dab5fa86c189,22.319387901718265,113.93601477794739,2025-02-23T16:31:02.340Z,22.920000076293945
86d48bcd-9072-4122-bc32-cf1832118611,0,2025-02-23T16:30:55.940Z,GPS,86d48bcd-9072-4122-bc32-cf1832118611,22.318756684994685,113.93626872552798,2025-02-23T16:30:57.298Z,0
96f56f18-656d-4b62-9a00-a5a4650a3afa,341.07000732421875,2025-02-23T16:30:50.938Z,GPS,96f56f18-656d-4b62-9a00-a5a4650a3afa,22.318227165588496,113.93636853994806,2025-02-23T16:30:52.566Z,20.559999465942383
163b6059-6d8b-4005-95ed-9cf3d71f3be0,37.650001525878906,2025-02-23T16:30:45.937Z,GPS,163b6059-6d8b-4005-95ed-9cf3d71f3be0,22.31799516986462,113.93634804583934,2025-02-23T16:30:47.269Z,13.949999809265137
fa7ba114-8ae3-4889-a53c-577b099c076e,15.100000381469727,2025-02-23T16:30:40.935Z,GPS,fa7ba114-8ae3-4889-a53c-577b099c076e,22.31776307277897,113.93599979084509,2025-02-23T16:30:42.289Z,12.15999984741211
d8d85089-1acd-4306-8f1d-54c3d2e8ffc2,0,2025-02-23T16:30:35.933Z,GPS,d8d85089-1acd-4306-8f1d-54c3d2e8ffc2,22.317552742416222,113.93598579518249,2025-02-23T16:30:37.296Z,0
90d8c21c-588b-4d4d-8ea4-bd4141556132,0,2025-02-23T16:30:30.931Z,GPS,90d8c21c-588b-4d4d-8ea4-bd4141556132,22.317468891705282,113.93607327632043,2025-02-23T16:30:32.279Z,0
84e1f845-fc05-47a8-a126-738bbf876ef4,0,2025-02-23T16:30:25.931Z,GPS,84e1f845-fc05-47a8-a126-738bbf876ef4,22.314585205579455,113.93618276910301,2025-02-23T16:30:27.289Z,0
b1489dca-3e78-4a46-a578-64ad05d87676,0,2025-02-23T16:30:20.929Z,GPS,b1489dca-3e78-4a46-a578-64ad05d87676,22.314585205579455,113.93618276910301,2025-02-23T16:30:22.258Z,0
00124f77-e637-4747-86d6-c8dc82f017ea,0,2025-02-23T16:30:15.927Z,GPS,00124f77-e637-4747-86d6-c8dc82f017ea,22.314585205579455,113.93618276910301,2025-02-23T16:30:17.290Z,0
e29e40d9-9095-4c32-a37d-14a9c9ebd1a2,0,2025-02-23T16:30:10.926Z,GPS,e29e40d9-9095-4c32-a37d-14a9c9ebd1a2,22.314585205579455,113.93618276910301,2025-02-23T16:30:12.271Z,0
3f50c2df-00c3-4786-a26c-33c3c1b148f5,0,2025-02-23T16:30:05.924Z,GPS,3f50c2df-00c3-4786-a26c-33c3c1b148f5,22.314585205579455,113.93618276910301,2025-02-23T16:30:07.265Z,0
e63d5975-e973-443c-a1ea-6bb148554090,0,2025-02-23T16:30:00.922Z,GPS,e63d5975-e973-443c-a1ea-6bb148554090,22.31485936704972,113.9362077619658,2025-02-23T16:30:02.289Z,0
aa58c1fb-d1dd-4d59-ad2c-0e251cef56c0,0,2025-02-23T16:29:53.941Z,GPS,aa58c1fb-d1dd-4d59-ad2c-0e251cef56c0,22.31538654208959,113.93616360195266,2025-02-23T16:29:57.269Z,0
91d41df6-f6b9-40cc-8590-21d02e1f5e66,172.94000244140625,2025-02-23T16:29:48.939Z,GPS,91d41df6-f6b9-40cc-8590-21d02e1f5e66,22.3157015488073,113.9361286078326,2025-02-23T16:29:52.291Z,26.18000030517578
ca911d4a-8795-41f4-91f9-70822bc61d07,0,2025-02-23T16:29:43.938Z,GPS,ca911d4a-8795-41f4-91f9-70822bc61d07,22.316294560811958,113.93606595152797,2025-02-23T16:29:47.264Z,0
8663a653-10e3-474e-ae9d-57a28e8ca7c6,0,2025-02-23T16:29:38.936Z,GPS,8663a653-10e3-474e-ae9d-57a28e8ca7c6,22.317320237060596,113.9360136237274,2025-02-23T16:29:42.261Z,0
2c1ff49e-f28b-4bea-8fc7-c49e137d9dc5,0,2025-02-23T16:29:33.934Z,GPS,2c1ff49e-f28b-4bea-8fc7-c49e137d9dc5,22.31761425263943,113.9359343062186,2025-02-23T16:29:37.262Z,0
5ab3d119-98d7-42a0-b710-7edf0a21fa9b,0,2025-02-23T16:29:28.933Z,GPS,5ab3d119-98d7-42a0-b710-7edf0a21fa9b,22.317675424742777,113.9359068119466,2025-02-23T16:29:32.284Z,2
0d2d5ad3-5e1f-4040-8428-0d02a39d0720,0,2025-02-23T16:29:23.931Z,GPS,0d2d5ad3-5e1f-4040-8428-0d02a39d0720,22.31762910096468,113.9358591561093,2025-02-23T16:29:27.270Z,0
e91d1121-ed9c-4971-8f5f-0c9a131fff22,0,2025-02-23T16:29:18.929Z,GPS,e91d1121-ed9c-4971-8f5f-0c9a131fff22,22.31757826447971,113.93587515286505,2025-02-23T16:29:22.243Z,0
44801e4d-112a-4589-84fa-01ed7837d755,0,2025-02-23T16:29:13.928Z,GPS,44801e4d-112a-4589-84fa-01ed7837d755,22.317686788223778,113.93575584533372,2025-02-23T16:29:17.263Z,4.71999979019165
bee96020-738b-45f2-ae94-05c04e4f9180,0,2025-02-23T16:29:08.926Z,GPS,bee96020-738b-45f2-ae94-05c04e4f9180,22.317517788199943,113.93575667947806,2025-02-23T16:29:12.243Z,12.680000305175781
f676b881-7aff-41cb-9a0d-6eef0093c6c3,0,2025-02-23T16:29:03.924Z,GPS,f676b881-7aff-41cb-9a0d-6eef0093c6c3,22.317537257860213,113.93590847905841,2025-02-23T16:29:07.243Z,0
c564fee4-29fe-4e75-bd69-ba2554bd98d0,0,2025-02-23T16:28:58.917Z,GPS,c564fee4-29fe-4e75-bd69-ba2554bd98d0,22.317563269683774,113.93584915871233,2025-02-23T16:29:02.261Z,5.610000133514404
ef7d6891-95ae-4ee2-9f6a-1a87c04743b8,0,2025-02-23T16:28:53.915Z,GPS,ef7d6891-95ae-4ee2-9f6a-1a87c04743b8,22.317657950985076,113.93577550781099,2025-02-23T16:28:57.641Z,0
9f2075d5-b509-460d-80f0-305033562360,0,2025-02-23T16:28:48.914Z,GPS,9f2075d5-b509-460d-80f0-305033562360,22.317684619094454,113.93576817594595,2025-02-23T16:28:52.241Z,0
36f3d0b7-4c7d-4bc6-b9f7-04cea2a1b373,0,2025-02-23T16:28:43.912Z,GPS,36f3d0b7-4c7d-4bc6-b9f7-04cea2a1b373,22.317352396388685,113.93605028209359,2025-02-23T16:28:47.232Z,0
da1279ed-13c1-413c-981b-299fdf9578e0,0,2025-02-23T16:28:38.911Z,GPS,da1279ed-13c1-413c-981b-299fdf9578e0,22.317352396388685,113.93605028209359,2025-02-23T16:28:42.243Z,0
9c991ea0-f775-42a3-bc42-fc47997607c1,0,2025-02-23T16:28:33.909Z,GPS,9c991ea0-f775-42a3-bc42-fc47997607c1,22.317352396388685,113.93605028209359,2025-02-23T16:28:37.243Z,0
e276b716-1975-4c18-adea-0df23b955e56,0,2025-02-23T16:28:28.907Z,GPS,e276b716-1975-4c18-adea-0df23b955e56,22.317352396388685,113.93605028209359,2025-02-23T16:28:32.223Z,0
8ee94b1e-abae-4917-8059-5659682649c6,0,2025-02-23T16:28:23.907Z,GPS,8ee94b1e-abae-4917-8059-5659682649c6,22.317352396388685,113.93605028209359,2025-02-23T16:28:27.244Z,0
069d7153-77ed-4d44-b82a-036841757099,0,2025-02-23T16:28:18.905Z,GPS,069d7153-77ed-4d44-b82a-036841757099,22.317352396388685,113.93605028209359,2025-02-23T16:28:22.251Z,0
fb24c985-5a85-4fee-b37c-7dd6f16a3ad7,0,2025-02-23T16:28:13.903Z,GPS,fb24c985-5a85-4fee-b37c-7dd6f16a3ad7,22.317352396388685,113.93605028209359,2025-02-23T16:28:17.251Z,0
61a93e50-105d-4391-a67b-71af0e4f73fc,0,2025-02-23T16:28:08.902Z,GPS,61a93e50-105d-4391-a67b-71af0e4f73fc,22.319992571527436,113.9326953512464,2025-02-23T16:28:12.229Z,0
18fc3882-4275-4497-a114-283ef1d6d531,0,2025-02-23T16:28:03.900Z,GPS,18fc3882-4275-4497-a114-283ef1d6d531,22.319992571527436,113.9326953512464,2025-02-23T16:28:07.221Z,0
86ff0038-a8a9-446b-94f0-5c8883452f94,0,2025-02-23T16:27:58.893Z,GPS,86ff0038-a8a9-446b-94f0-5c8883452f94,22.319992571527436,113.9326953512464,2025-02-23T16:28:02.243Z,0
210403a7-650b-4206-b256-c006326353e7,0,2025-02-23T16:27:53.891Z,GPS,210403a7-650b-4206-b256-c006326353e7,22.319585458195583,113.93325289422194,2025-02-23T16:27:57.230Z,0
24e7c9ad-8e23-4666-ac3f-39e9e003feeb,0,2025-02-23T16:27:48.890Z,GPS,24e7c9ad-8e23-4666-ac3f-39e9e003feeb,22.318410000451014,113.93469524383703,2025-02-23T16:27:52.221Z,0
c2d81cc4-81cf-437e-87d5-c075c0a8d865,0,2025-02-23T16:27:43.889Z,GPS,c2d81cc4-81cf-437e-87d5-c075c0a8d865,22.318197747287282,113.9351261489413,2025-02-23T16:27:47.223Z,0
45a93921-cab6-4cca-97b5-f9c7efe45831,0,2025-02-23T16:27:38.887Z,GPS,45a93921-cab6-4cca-97b5-f9c7efe45831,22.318102046455966,113.93529677818397,2025-02-23T16:27:42.243Z,12.09000015258789
946b38f8-c30c-437b-b335-61cac6075ae7,0,2025-02-23T16:27:33.884Z,GPS,946b38f8-c30c-437b-b335-61cac6075ae7,22.318088366802904,113.93536159717958,2025-02-23T16:27:37.203Z,0
db1d1845-9a1e-4817-8e70-f8e8d663c874,0,2025-02-23T16:27:28.884Z,GPS,db1d1845-9a1e-4817-8e70-f8e8d663c874,22.319332129935187,113.93570684650089,2025-02-23T16:27:32.223Z,0
65b59ed9-aebd-4240-ac57-5f5a3b33d124,0,2025-02-23T16:27:23.882Z,GPS,65b59ed9-aebd-4240-ac57-5f5a3b33d124,22.318112921809334,113.93591963986016,2025-02-23T16:27:27.221Z,0
84d91508-0437-4a90-ba89-875b124fd38a,0,2025-02-23T16:27:18.880Z,GPS,84d91508-0437-4a90-ba89-875b124fd38a,22.31764928076283,113.93579333724301,2025-02-23T16:27:22.204Z,0
e2aebaf7-3506-46f6-9cc2-dfa5cb02abb7,0,2025-02-23T16:27:13.879Z,GPS,e2aebaf7-3506-46f6-9cc2-dfa5cb02abb7,22.317907820596346,113.93559304681688,2025-02-23T16:27:17.224Z,0
8e36ea30-d8db-484b-a2c4-14dd1dd31723,0,2025-02-23T16:27:08.877Z,GPS,8e36ea30-d8db-484b-a2c4-14dd1dd31723,22.318787095481383,113.93588164430085,2025-02-23T16:27:12.224Z,0
80bdd746-e35a-4f5e-8430-5f321b86a366,21.479999542236328,2025-02-23T16:27:03.875Z,GPS,80bdd746-e35a-4f5e-8430-5f321b86a366,22.318787095481383,113.93588164430085,2025-02-23T16:27:07.203Z,17.260000228881836
ade04acf-3366-45e1-ba89-96c4db760363,0,2025-02-23T16:26:58.877Z,GPS,ade04acf-3366-45e1-ba89-96c4db760363,22.318781240400977,113.9359906202051,2025-02-23T16:27:02.201Z,0
9f76c836-17f2-4a9e-9f90-d2b3996d25cc,0,2025-02-23T16:26:53.876Z,GPS,9f76c836-17f2-4a9e-9f90-d2b3996d25cc,22.31923655216858,113.93609676070326,2025-02-23T16:26:57.204Z,0
8afea74d-4d85-4f69-b844-17b0fe458408,0,2025-02-23T16:26:48.873Z,GPS,8afea74d-4d85-4f69-b844-17b0fe458408,22.319694697512677,113.93620173479414,2025-02-23T16:26:52.190Z,0
6991b153-f035-44f0-bc4e-a1f507665e8b,0,2025-02-23T16:26:43.873Z,GPS,6991b153-f035-44f0-bc4e-a1f507665e8b,22.320047024161248,113.93623372564679,2025-02-23T16:26:47.203Z,0
3f7ecf8f-95da-479c-99ea-e9361cc4d854,0,2025-02-23T16:26:38.871Z,GPS,3f7ecf8f-95da-479c-99ea-e9361cc4d854,22.319931853913886,113.93625222224027,2025-02-23T16:26:42.217Z,6.900000095367432
a377c550-6bd8-4190-8b8e-46c1fb8b0b54,0,2025-02-23T16:26:33.869Z,GPS,a377c550-6bd8-4190-8b8e-46c1fb8b0b54,22.32007851046503,113.93630237696476,2025-02-23T16:26:37.183Z,0
4f03fc30-c5b6-4c23-9f95-3c9aabe4cba3,0,2025-02-23T16:26:28.868Z,GPS,4f03fc30-c5b6-4c23-9f95-3c9aabe4cba3,22.319652511805028,113.93629754721164,2025-02-23T16:26:32.203Z,0
e60dd676-2189-4e28-919f-8a732b47854f,0,2025-02-23T16:26:23.867Z,GPS,e60dd676-2189-4e28-919f-8a732b47854f,22.31906524783517,113.93595212705144,2025-02-23T16:26:27.201Z,0
b4865be9-ba9c-41d2-b589-a81f3ebf53de,18.350000381469727,2025-02-23T16:26:18.864Z,GPS,b4865be9-ba9c-41d2-b589-a81f3ebf53de,22.31872095903586,113.935730678152,2025-02-23T16:26:22.182Z,31.799999237060547
3795fcca-0d38-4668-bea0-9e32a6c88d73,4.880000114440918,2025-02-23T16:26:13.864Z,GPS,3795fcca-0d38-4668-bea0-9e32a6c88d73,22.318093324307124,113.9355737166819,2025-02-23T16:26:17.183Z,19.420000076293945
8b632a93-9439-4e20-8e3a-311936c7a5fd,0,2025-02-23T16:26:08.862Z,GPS,8b632a93-9439-4e20-8e3a-311936c7a5fd,22.317911820492906,113.93559354668231,2025-02-23T16:26:12.204Z,0
2fa52e43-68d1-4de1-858c-bd146da8a8b1,0,2025-02-23T16:26:03.860Z,GPS,2fa52e43-68d1-4de1-858c-bd146da8a8b1,22.317838146886814,113.93562853934915,2025-02-23T16:26:07.181Z,0.9800000190734863
a5d23f9d-68cd-4e1a-ad21-b77646178e49,299.2900085449219,2025-02-23T16:25:58.854Z,GPS,a5d23f9d-68cd-4e1a-ad21-b77646178e49,22.31782547196434,113.9356698635871,2025-02-23T16:26:02.201Z,13.470000267028809
bcd0f3bb-c87b-427e-8c11-59ba18b30f28,0,2025-02-23T16:25:53.852Z,GPS,bcd0f3bb-c87b-427e-8c11-59ba18b30f28,22.31780128772715,113.9357578442157,2025-02-23T16:25:57.181Z,2.930000066757202
f306eb95-b96f-47fc-b5d0-4e7885afb30c,128.49000549316406,2025-02-23T16:25:48.850Z,GPS,f306eb95-b96f-47fc-b5d0-4e7885afb30c,22.317792789532895,113.93574884626092,2025-02-23T16:25:52.162Z,10.619999885559082
dff152d2-4a6c-42f2-be86-9e20c413ebaa,0,2025-02-23T16:25:43.849Z,GPS,dff152d2-4a6c-42f2-be86-9e20c413ebaa,22.31782995007349,113.9357793392812,2025-02-23T16:25:47.162Z,1.409999966621399
d095dc2f-3f70-44e5-aaf2-a74bca96f325,0,2025-02-23T16:25:38.847Z,GPS,d095dc2f-3f70-44e5-aaf2-a74bca96f325,22.317864271425872,113.93583915915393,2025-02-23T16:25:42.162Z,0
78beaa80-f013-4d9e-9be2-53adf51a4a36,172.72000122070312,2025-02-23T16:25:33.846Z,GPS,78beaa80-f013-4d9e-9be2-53adf51a4a36,22.317927932447255,113.93586715257636,2025-02-23T16:25:37.141Z,5.980000019073486
1371eee4-520d-420d-a4a7-462af60c2fc9,0,2025-02-23T16:25:28.844Z,GPS,1371eee4-520d-420d-a4a7-462af60c2fc9,22.317831418091036,113.93593947046173,2025-02-23T16:25:32.161Z,3.759999990463257
2d546f9a-e5b1-4deb-b50d-6faf574d3f56,0,2025-02-23T16:25:23.842Z,GPS,2d546f9a-e5b1-4deb-b50d-6faf574d3f56,22.317820907825137,113.93599095912545,2025-02-23T16:25:27.161Z,2.9100000858306885
6c3c12b6-d689-489b-9861-01b3f3febdb5,0,2025-02-23T16:25:18.840Z,GPS,6c3c12b6-d689-489b-9861-01b3f3febdb5,22.317864068704342,113.93601978582485,2025-02-23T16:25:22.142Z,0.5099999904632568
1e4dba29-6003-4348-bffc-64a5f5e72018,0,2025-02-23T16:25:13.838Z,GPS,1e4dba29-6003-4348-bffc-64a5f5e72018,22.31790873031459,113.93604494666116,2025-02-23T16:25:17.161Z,0
6e4bed71-4e65-4a13-b4cc-0ccfb61840b6,350.010009765625,2025-02-23T16:25:08.837Z,GPS,6e4bed71-4e65-4a13-b4cc-0ccfb61840b6,22.317757390298386,113.93607910666353,2025-02-23T16:25:12.162Z,14.600000381469727
26746aec-23de-4f1e-9160-daeb410f4201,0,2025-02-23T16:25:03.836Z,GPS,26746aec-23de-4f1e-9160-daeb410f4201,22.3177018853626,113.93610410146294,2025-02-23T16:25:07.141Z,0.5199999809265137
aa4039f2-fec6-472c-95df-168a9fd111d6,0,2025-02-23T16:24:58.831Z,GPS,aa4039f2-fec6-472c-95df-168a9fd111d6,22.31767970065173,113.93619474822206,2025-02-23T16:25:02.162Z,2.619999885559082
433a6b86-68b8-4a22-a927-c9a80c4cef44,0,2025-02-23T16:24:53.829Z,GPS,433a6b86-68b8-4a22-a927-c9a80c4cef44,22.317603696169197,113.93621757695921,2025-02-23T16:24:57.141Z,4.679999828338623
062c10e0-ad01-4868-ac66-5de21abd9cf0,0,2025-02-23T16:24:48.827Z,GPS,062c10e0-ad01-4868-ac66-5de21abd9cf0,22.317557197901095,113.93620907911094,2025-02-23T16:24:52.161Z,0
dcca514d-f113-49ea-af0c-10b7910065c0,0,2025-02-23T16:24:43.825Z,GPS,dcca514d-f113-49ea-af0c-10b7910065c0,22.317509033996732,113.9361954157474,2025-02-23T16:24:47.141Z,2.240000009536743
f9658692-0119-4d4d-ad1c-a8111192a0ce,0,2025-02-23T16:24:38.824Z,GPS,f9658692-0119-4d4d-ad1c-a8111192a0ce,22.317556042854015,113.93615075867359,2025-02-23T16:24:42.141Z,0
d0316c7c-05e5-478d-afd3-ab4236481819,0,2025-02-23T16:24:33.822Z,GPS,d0316c7c-05e5-478d-afd3-ab4236481819,22.317605560715183,113.93606094490917,2025-02-23T16:24:37.123Z,0
2f7063bb-b1bd-46c2-9b17-7e35366939a9,0,2025-02-23T16:24:28.821Z,GPS,2f7063bb-b1bd-46c2-9b17-7e35366939a9,22.317555747500876,113.93596030080819,2025-02-23T16:24:32.143Z,0
65e03de3-b15f-4f2e-b3ab-0b08721912a7,0,2025-02-23T16:24:23.819Z,GPS,65e03de3-b15f-4f2e-b3ab-0b08721912a7,22.31737425104586,113.93594330564052,2025-02-23T16:24:27.143Z,8.109999656677246
dcf84324-f991-4448-b089-62a4587cef73,0,2025-02-23T16:24:18.818Z,GPS,dcf84324-f991-4448-b089-62a4587cef73,22.317371417249312,113.93594563847407,2025-02-23T16:24:22.121Z,0
661a6dbc-bcdd-4c86-ae8d-5e885b337bd6,0,2025-02-23T16:24:13.815Z,GPS,661a6dbc-bcdd-4c86-ae8d-5e885b337bd6,22.317300090594813,113.93591247957023,2025-02-23T16:24:17.143Z,6.630000114440918
86f68962-81ed-4acc-b578-f6a30b8917a0,0,2025-02-23T16:24:08.813Z,GPS,86f68962-81ed-4acc-b578-f6a30b8917a0,22.31718325479819,113.93592531075068,2025-02-23T16:24:12.461Z,6.019999980926514
038008dc-13ea-483a-aad6-60122158677c,0,2025-02-23T16:24:03.812Z,GPS,038008dc-13ea-483a-aad6-60122158677c,22.317238413703073,113.93596396853322,2025-02-23T16:24:07.144Z,1.159999966621399
adbf93b1-dbe3-41b6-b621-8e637e3e20d0,117.5,2025-02-23T16:24:00.208Z,GPS,adbf93b1-dbe3-41b6-b621-8e637e3e20d0,22.317267911616796,113.93597429940581,2025-02-23T16:24:02.480Z,9.289999961853027
23cca02b-1923-41b2-bda9-fc492a7975da,0,2025-02-23T16:23:55.205Z,GPS,23cca02b-1923-41b2-bda9-fc492a7975da,22.3172622542663,113.93592764310193,2025-02-23T16:23:57.123Z,0.5299999713897705
503dacc8-f04d-47d5-894c-8aa79123fc20,140.86000061035156,2025-02-23T16:23:50.205Z,GPS,503dacc8-f04d-47d5-894c-8aa79123fc20,22.31738542828107,113.9358903173091,2025-02-23T16:23:52.143Z,10.779999732971191
1323a5f4-c770-45ae-ab3e-73d224e4e6c0,0,2025-02-23T16:23:45.201Z,GPS,1323a5f4-c770-45ae-ab3e-73d224e4e6c0,22.31741009599167,113.93588498501153,2025-02-23T16:23:47.131Z,0
6c6e2cbc-7073-4e13-ae6e-198e9220767a,0,2025-02-23T16:23:40.199Z,GPS,6c6e2cbc-7073-4e13-ae6e-198e9220767a,22.317502428049455,113.93589098313875,2025-02-23T16:23:42.122Z,7.860000133514404
bf4328b4-35ad-4cac-a6db-99a87c601401,0,2025-02-23T16:23:35.197Z,GPS,bf4328b4-35ad-4cac-a6db-99a87c601401,22.31752825923176,113.93590164729119,2025-02-23T16:23:37.122Z,1.409999966621399
8986cbc3-32a0-47a7-b4c9-bc9f37131d50,0,2025-02-23T16:23:30.196Z,GPS,8986cbc3-32a0-47a7-b4c9-bc9f37131d50,22.31750858952121,113.93591697734536,2025-02-23T16:23:32.123Z,2.4100000858306885
44b98264-0bcf-4df2-af25-d42757549d1e,152.61000061035156,2025-02-23T16:23:25.194Z,GPS,44b98264-0bcf-4df2-af25-d42757549d1e,22.317671937257074,113.93584415917964,2025-02-23T16:23:27.124Z,11
6fb6814e-5087-4ace-9b24-05f8e55d5193,173.52000427246094,2025-02-23T16:23:20.192Z,GPS,6fb6814e-5087-4ace-9b24-05f8e55d5193,22.318001126686443,113.93572884946744,2025-02-23T16:23:22.123Z,7.519999980926514
f4e313e6-ebc3-49d4-bfa7-e8b7f97dd3e2,262.3500061035156,2025-02-23T16:23:15.190Z,GPS,f4e313e6-ebc3-49d4-bfa7-e8b7f97dd3e2,22.318069613339702,113.93579533432289,2025-02-23T16:23:17.103Z,10.359999656677246
33eb8b83-2d36-45d9-aa32-b7e867561076,189.88999938964844,2025-02-23T16:23:10.188Z,GPS,33eb8b83-2d36-45d9-aa32-b7e867561076,22.318252060995274,113.93605677535344,2025-02-23T16:23:12.131Z,12.770000457763672
b113db47-a24f-4855-aea3-d92222f519ef,176.82000732421875,2025-02-23T16:23:05.186Z,GPS,b113db47-a24f-4855-aea3-d92222f519ef,22.31859539891825,113.93603227874864,2025-02-23T16:23:07.401Z,11.90999984741211
383db819-191a-449e-87b6-39d18cfe388c,181.44000244140625,2025-02-23T16:23:00.183Z,GPS,383db819-191a-449e-87b6-39d18cfe388c,22.318766899401375,113.93602911177139,2025-02-23T16:23:02.103Z,12.279999732971191
38c38c7c-8185-4b21-b196-4883ed64d86d,186.86000061035156,2025-02-23T16:22:55.135Z,GPS,38c38c7c-8185-4b21-b196-4883ed64d86d,22.31911189072712,113.9360711004474,2025-02-23T16:22:57.113Z,9.890000343322754
9a63a5bf-19d7-4043-af1f-1c7f37fa6f2f,162.9600067138672,2025-02-23T16:22:50.134Z,GPS,9a63a5bf-19d7-4043-af1f-1c7f37fa6f2f,22.319371735231993,113.93601394489376,2025-02-23T16:22:52.116Z,10.5
8d943a63-ff02-4b36-8a96-4908b5e9b35c,145.77000427246094,2025-02-23T16:22:45.131Z,GPS,8d943a63-ff02-4b36-8a96-4908b5e9b35c,22.319479912941674,113.93595812327828,2025-02-23T16:22:47.104Z,6.03000020980835
99940a90-c125-40e7-967b-0a3ded19a6b6,87.69999694824219,2025-02-23T16:22:40.131Z,GPS,99940a90-c125-40e7-967b-0a3ded19a6b6,22.319537963887683,113.93570284617446,2025-02-23T16:22:42.096Z,10.470000267028809
4fc8a025-73b0-4f13-9bc6-2b8e6157675b,230.2100067138672,2025-02-23T16:22:35.129Z,GPS,4fc8a025-73b0-4f13-9bc6-2b8e6157675b,22.319599980698825,113.93561853118457,2025-02-23T16:22:37.116Z,3.369999885559082
79ed5772-04d2-4bb1-95d1-85955f676709,0,2025-02-23T16:22:30.127Z,GPS,79ed5772-04d2-4bb1-95d1-85955f676709,22.31961980541386,113.9356615215268,2025-02-23T16:22:32.596Z,1.3799999952316284
fe8bdfe4-cf4e-4eeb-8749-23f75b64abad,266.5,2025-02-23T16:22:25.125Z,GPS,fe8bdfe4-cf4e-4eeb-8749-23f75b64abad,22.31960994427249,113.9358006573944,2025-02-23T16:22:27.083Z,7.599999904632568
349da7f0-e505-4710-99dd-6bc8349a118e,0,2025-02-23T16:22:20.123Z,GPS,349da7f0-e505-4710-99dd-6bc8349a118e,22.3196272652741,113.93586231029606,2025-02-23T16:22:22.417Z,1.7400000095367432
8eee8c96-9210-4a2e-ae1d-df96b1567ba4,288.54998779296875,2025-02-23T16:22:15.123Z,GPS,8eee8c96-9210-4a2e-ae1d-df96b1567ba4,22.319598909411884,113.93597528544369,2025-02-23T16:22:17.103Z,16.850000381469727
6847b78b-9e2a-44b1-8aec-b567f3da43bd,284.6000061035156,2025-02-23T16:22:10.121Z,GPS,6847b78b-9e2a-44b1-8aec-b567f3da43bd,22.319309153447414,113.93642485447354,2025-02-23T16:22:12.103Z,17.6299991607666
cc3d5f67-a0a2-413b-80f6-6000825f5c6a,211.1699981689453,2025-02-23T16:22:05.119Z,GPS,cc3d5f67-a0a2-413b-80f6-6000825f5c6a,22.31957973754252,113.93683959486978,2025-02-23T16:22:07.084Z,19.469999313354492
c6e5d137-f235-4384-af5c-33be1ddb5e28,254.32000732421875,2025-02-23T16:22:00.118Z,GPS,c6e5d137-f235-4384-af5c-33be1ddb5e28,22.319754202374586,113.93701638832843,2025-02-23T16:22:02.108Z,17.399999618530273
3b2defd4-05d1-4aa6-b2ed-5e9469037e86,289.95001220703125,2025-02-23T16:21:55.535Z,GPS,3b2defd4-05d1-4aa6-b2ed-5e9469037e86,22.31969772964545,113.93772306728064,2025-02-23T16:21:57.111Z,28.6299991607666
ac491701-d289-43eb-9bca-0c7f1090cdb8,290.19000244140625,2025-02-23T16:21:50.534Z,GPS,ac491701-d289-43eb-9bca-0c7f1090cdb8,22.319327579533354,113.93849023587185,2025-02-23T16:21:52.103Z,27.399999618530273
d30b235a-5816-4661-b5ff-e403b50d905a,314.9800109863281,2025-02-23T16:21:45.532Z,GPS,d30b235a-5816-4661-b5ff-e403b50d905a,22.319136686103015,113.93879900345748,2025-02-23T16:21:47.112Z,25.239999771118164
83d65b4c-65fd-48ab-a1a2-65d73b380e0e,334.07000732421875,2025-02-23T16:21:40.530Z,GPS,83d65b4c-65fd-48ab-a1a2-65d73b380e0e,22.31846242565672,113.93928423604613,2025-02-23T16:21:42.711Z,32.529998779296875
2ef28be2-f630-43bc-892d-c154502e9da7,342.9200134277344,2025-02-23T16:21:35.529Z,GPS,2ef28be2-f630-43bc-892d-c154502e9da7,22.31756138221642,113.93951235895955,2025-02-23T16:21:37.411Z,30.719999313354492
55e87328-81d0-4450-bcac-8457b21e604a,348.75,2025-02-23T16:21:30.527Z,GPS,55e87328-81d0-4450-bcac-8457b21e604a,22.317116692291105,113.93963450201791,2025-02-23T16:21:32.280Z,33.54999923706055
36cf9741-fbe8-45a0-8fa8-7b39ac00589f,339.0799865722656,2025-02-23T16:21:25.526Z,GPS,36cf9741-fbe8-45a0-8fa8-7b39ac00589f,22.316281807384843,113.93990511559456,2025-02-23T16:21:27.420Z,30.920000076293945
8162e3ea-d137-40d7-82c9-af575288f48b,356.6000061035156,2025-02-23T16:21:20.524Z,GPS,8162e3ea-d137-40d7-82c9-af575288f48b,22.31546543310634,113.94012107421781,2025-02-23T16:21:22.096Z,28.149999618530273
1421ac0c-3a4c-4876-9b1b-dae820bf6e80,12.6899995803833,2025-02-23T16:21:15.523Z,GPS,1421ac0c-3a4c-4876-9b1b-dae820bf6e80,22.315081609107626,113.9400742531618,2025-02-23T16:21:17.463Z,27.389999389648438
a6f28f88-3bb7-4abd-93c0-40f9bdf9e238,41,2025-02-23T16:21:10.521Z,GPS,a6f28f88-3bb7-4abd-93c0-40f9bdf9e238,22.314405480614838,113.93987913224696,2025-02-23T16:21:12.076Z,22.920000076293945
7d1b5a8c-f435-48c8-beed-276021656c04,353.8800048828125,2025-02-23T16:21:05.519Z,GPS,7d1b5a8c-f435-48c8-beed-276021656c04,22.313880381946202,113.9395295436808,2025-02-23T16:21:07.077Z,22.799999237060547
b3d6ddec-7f2e-4605-b8d0-5c96794ab6ac,298.75,2025-02-23T16:21:00.518Z,GPS,b3d6ddec-7f2e-4605-b8d0-5c96794ab6ac,22.313581836131934,113.93976766099999,2025-02-23T16:21:02.076Z,20.010000228881836
f534d82e-add1-4744-8cd4-1e05c3da1181,326.79998779296875,2025-02-23T16:20:55.691Z,GPS,f534d82e-add1-4744-8cd4-1e05c3da1181,22.313471982615244,113.93987263915103,2025-02-23T16:20:57.084Z,2.890000104904175
86928a0b-fefe-4fbd-a26c-321e27946a56,41.290000915527344,2025-02-23T16:20:50.689Z,GPS,86928a0b-fefe-4fbd-a26c-321e27946a56,22.31313001349053,113.93971417513825,2025-02-23T16:20:52.055Z,24.290000915527344
430a2872-1433-4b82-a297-d85ff51735bf,42.61000061035156,2025-02-23T16:20:45.688Z,GPS,430a2872-1433-4b82-a297-d85ff51735bf,22.312847733875856,113.93943773617819,2025-02-23T16:20:48.324Z,30.290000915527344
b0ee59f0-5137-4ecd-b71b-31b982fff381,32.25,2025-02-23T16:20:40.686Z,GPS,b0ee59f0-5137-4ecd-b71b-31b982fff381,22.312126850203466,113.93884186891052,2025-02-23T16:20:43.002Z,36.220001220703125
f91a45af-e6d2-4b2e-8dd9-8e8bdc3e599b,26.459999084472656,2025-02-23T16:20:35.685Z,GPS,f91a45af-e6d2-4b2e-8dd9-8e8bdc3e599b,22.311211971323107,113.93822534127543,2025-02-23T16:20:37.097Z,39.540000915527344
f76c7336-cf7f-43fc-a7f2-8cde3b5c8767,18.059999465942383,2025-02-23T16:20:30.683Z,GPS,f76c7336-cf7f-43fc-a7f2-8cde3b5c8767,22.310692849369463,113.93799922685582,2025-02-23T16:20:32.050Z,40.630001068115234
2a1bcf69-39ae-4f9f-a722-66ecee428ee4,9.270000457763672,2025-02-23T16:20:25.681Z,GPS,2a1bcf69-39ae-4f9f-a722-66ecee428ee4,22.309581065316465,113.93775245385774,2025-02-23T16:20:27.099Z,40.709999084472656
7c3b0a8b-7861-4dec-9c63-692019c54a88,5.460000038146973,2025-02-23T16:20:20.679Z,GPS,7c3b0a8b-7861-4dec-9c63-692019c54a88,22.30842559570028,113.93760216013689,2025-02-23T16:20:24.161Z,43.439998626708984
8ef806fd-d641-4e0b-9d19-c4069664dc7f,7.820000171661377,2025-02-23T16:20:15.678Z,GPS,8ef806fd-d641-4e0b-9d19-c4069664dc7f,22.307819443953896,113.93752851312935,2025-02-23T16:20:17.041Z,43.709999084472656
3321e3df-9017-4ec2-b5c3-409c70818764,19.43000030517578,2025-02-23T16:20:10.677Z,GPS,3321e3df-9017-4ec2-b5c3-409c70818764,22.30665950158756,113.93724024970068,2025-02-23T16:20:12.431Z,40.7599983215332
843ed814-92ab-418c-916f-2004de34ab62,20.200000762939453,2025-02-23T16:20:05.675Z,GPS,843ed814-92ab-418c-916f-2004de34ab62,22.30564058283349,113.93683284509551,2025-02-23T16:20:07.028Z,37.810001373291016
96166aea-920d-4057-bf94-3946706d30c2,18.93000030517578,2025-02-23T16:20:00.673Z,GPS,96166aea-920d-4057-bf94-3946706d30c2,22.3051479533164,113.93664705552438,2025-02-23T16:20:02.313Z,37.93000030517578
eb1758ff-5ac4-46bd-90e2-3301cbcf0dea,18.540000915527344,2025-02-23T16:19:55.183Z,GPS,eb1758ff-5ac4-46bd-90e2-3301cbcf0dea,22.30413069468275,113.9362743103363,2025-02-23T16:19:57.032Z,39.65999984741211
9a6b990f-ec3c-4a86-ae20-59e944f8a03a,29.020000457763672,2025-02-23T16:19:50.181Z,GPS,9a6b990f-ec3c-4a86-ae20-59e944f8a03a,22.303093291448818,113.93579208974761,2025-02-23T16:19:52.048Z,40.68000030517578
fe3cecb6-9d43-41bf-923a-d1778ca333ad,25.520000457763672,2025-02-23T16:19:45.179Z,GPS,fe3cecb6-9d43-41bf-923a-d1778ca333ad,22.302592514684562,113.93551065511252,2025-02-23T16:19:47.010Z,40.130001068115234
5a28eecd-b8ac-41eb-9a97-06fca5bcd6c0,18.459999084472656,2025-02-23T16:19:40.177Z,GPS,5a28eecd-b8ac-41eb-9a97-06fca5bcd6c0,22.301616591129875,113.93513207834752,2025-02-23T16:19:42.030Z,34.040000915527344
ad77abb6-102d-41bc-b8c4-acd9aa0fb52f,14.529999732971191,2025-02-23T16:19:35.176Z,GPS,ad77abb6-102d-41bc-b8c4-acd9aa0fb52f,22.30075964322966,113.93487514063295,2025-02-23T16:19:37.018Z,30.34000015258789
39a4be9e-b3ae-4439-b06f-8f8ad1806e81,11.510000228881836,2025-02-23T16:19:30.175Z,GPS,39a4be9e-b3ae-4439-b06f-8f8ad1806e81,22.300364160170542,113.93479199483572,2025-02-23T16:19:32.025Z,27.110000610351562
e89dba35-9035-4cc7-ba8f-913ad2ba4a05,13.479999542236328,2025-02-23T16:19:25.173Z,GPS,e89dba35-9035-4cc7-ba8f-913ad2ba4a05,22.299644677355708,113.93470851768511,2025-02-23T16:19:27.018Z,26.1299991607666
53edebb1-0336-4cd2-a60e-8076edc5f077,349.5400085449219,2025-02-23T16:19:20.172Z,GPS,53edebb1-0336-4cd2-a60e-8076edc5f077,22.29884733983682,113.93473135058268,2025-02-23T16:19:22.020Z,33.27000045776367
dfe8963f-5a3a-45f0-9881-285604e68b03,348.75,2025-02-23T16:19:15.170Z,GPS,dfe8963f-5a3a-45f0-9881-285604e68b03,22.298370486120763,113.93483383049443,2025-02-23T16:19:16.985Z,36.33000183105469
7572793d-1931-4eba-b324-cc370155fd0b,16.209999084472656,2025-02-23T16:19:10.169Z,GPS,7572793d-1931-4eba-b324-cc370155fd0b,22.297394803882717,113.93491365172582,2025-02-23T16:19:12.050Z,34.099998474121094
7e578622-1293-46d4-8c79-59d5430ff5ae,67.5199966430664,2025-02-23T16:19:05.167Z,GPS,7e578622-1293-46d4-8c79-59d5430ff5ae,22.296753609558245,113.93422547599246,2025-02-23T16:19:07.220Z,31.700000762939453
4f92c50b-c690-4687-97b4-f19f6780f21a,74.5199966430664,2025-02-23T16:19:00.166Z,GPS,4f92c50b-c690-4687-97b4-f19f6780f21a,22.296618355076625,113.93383606417297,2025-02-23T16:19:02.013Z,24.059999465942383
907a8a44-2f55-4cf1-86fd-43eb8fcbf8b7,87.19000244140625,2025-02-23T16:18:55.355Z,GPS,907a8a44-2f55-4cf1-86fd-43eb8fcbf8b7,22.296648634533295,113.9332803557787,2025-02-23T16:18:57.014Z,17.360000610351562
efe5d1f1-68c5-4161-8d50-9e81276702ab,339.57000732421875,2025-02-23T16:18:50.353Z,GPS,efe5d1f1-68c5-4161-8d50-9e81276702ab,22.296280687308933,113.93302191627183,2025-02-23T16:18:51.998Z,18.719999313354492
63f14fb0-b3f9-49ef-a062-157618a85e96,300.6000061035156,2025-02-23T16:18:45.351Z,GPS,63f14fb0-b3f9-49ef-a062-157618a85e96,22.296094145531896,113.9332275375973,2025-02-23T16:18:47.037Z,20.739999771118164
ed133365-c419-48f0-b41a-0177d7fdf6a2,9.5,2025-02-23T16:18:40.349Z,GPS,ed133365-c419-48f0-b41a-0177d7fdf6a2,22.29560227237659,113.93342449605383,2025-02-23T16:18:42.038Z,27.170000076293945
2c07d4a3-521a-4837-95a1-eb6e3ba74156,30.690000534057617,2025-02-23T16:18:35.348Z,GPS,2c07d4a3-521a-4837-95a1-eb6e3ba74156,22.29477151944316,113.93303108966808,2025-02-23T16:18:36.996Z,36.2599983215332
634004d2-6981-4e1b-a0c9-922cbc532bf4,30.719999313354492,2025-02-23T16:18:30.346Z,GPS,634004d2-6981-4e1b-a0c9-922cbc532bf4,22.29431191144439,113.93274432386507,2025-02-23T16:18:32.309Z,37.86000061035156
f9693835-00ba-4982-be1b-d743ae516041,27.559999465942383,2025-02-23T16:18:25.344Z,GPS,f9693835-00ba-4982-be1b-d743ae516041,22.29337286100232,113.93217779114073,2025-02-23T16:18:26.998Z,36.18000030517578
aa70cafe-a1ed-47a6-91a3-803b75441eeb,15.75,2025-02-23T16:18:20.342Z,GPS,aa70cafe-a1ed-47a6-91a3-803b75441eeb,22.292473927501764,113.9318552030648,2025-02-23T16:18:22.278Z,32.25
1ae55316-8d1e-43ec-a986-69787589a6d0,10.720000267028809,2025-02-23T16:18:15.340Z,GPS,1ae55316-8d1e-43ec-a986-69787589a6d0,22.292071118305113,113.93173839867306,2025-02-23T16:18:16.994Z,28.8700008392334
f92d0ac2-bd9b-4432-a655-b51ddc08f3c5,356.9100036621094,2025-02-23T16:18:10.339Z,GPS,f92d0ac2-bd9b-4432-a655-b51ddc08f3c5,22.291402473010095,113.93163559265513,2025-02-23T16:18:12.495Z,18
be4535a7-e466-4b00-8d8d-2afdf321842c,240.69000244140625,2025-02-23T16:18:05.337Z,GPS,be4535a7-e466-4b00-8d8d-2afdf321842c,22.291270733082563,113.93199267878673,2025-02-23T16:18:07.008Z,18.010000228881836
fadb6b89-553c-4c4f-bc4e-f6acb3972d2c,267.7900085449219,2025-02-23T16:18:00.336Z,GPS,fadb6b89-553c-4c4f-bc4e-f6acb3972d2c,22.291357842293795,113.93227294792804,2025-02-23T16:18:02.455Z,22.290000915527344
717404fd-b596-41ac-b05d-afb9258d08c7,283.20001220703125,2025-02-23T16:17:53.664Z,GPS,717404fd-b596-41ac-b05d-afb9258d08c7,22.29119098603363,113.93320223855584,2025-02-23T16:17:57.029Z,37.189998626708984
f1e32757-f964-444d-9573-f021723356ed,283.9800109863281,2025-02-23T16:17:48.662Z,GPS,f1e32757-f964-444d-9573-f021723356ed,22.290934926857243,113.93431698944514,2025-02-23T16:17:52.415Z,40.02000045776367
58670d15-3aee-428f-bf3c-5e35900779a8,283.7300109863281,2025-02-23T16:17:43.660Z,GPS,58670d15-3aee-428f-bf3c-5e35900779a8,22.290805143146088,113.9348981936509,2025-02-23T16:17:47.008Z,39.25
f52c564b-5ca5-4e10-82a3-f9ea48243ffa,283.4200134277344,2025-02-23T16:17:38.658Z,GPS,f52c564b-5ca5-4e10-82a3-f9ea48243ffa,22.290564765987806,113.93594979478321,2025-02-23T16:17:42.412Z,32.68000030517578
d7b233e4-e51f-4406-b77c-f9a46f75f31b,303.5400085449219,2025-02-23T16:17:33.656Z,GPS,d7b233e4-e51f-4406-b77c-f9a46f75f31b,22.290346764503457,113.93679610941278,2025-02-23T16:17:36.985Z,26.790000915527344
453173a5-e187-4e80-a396-b351df3f55bb,329.1700134277344,2025-02-23T16:17:28.655Z,GPS,453173a5-e187-4e80-a396-b351df3f55bb,22.2900922137475,113.9370530544806,2025-02-23T16:17:32.272Z,22.520000457763672
318b3e6f-b399-4cd6-9e4d-e1bd9231fe07,351.9100036621094,2025-02-23T16:17:23.653Z,GPS,318b3e6f-b399-4cd6-9e4d-e1bd9231fe07,22.2894735196177,113.9371931940393,2025-02-23T16:17:27.003Z,28.09000015258789
fd551197-51ab-4b7c-8fb7-2b7bc9bfc2ff,332.1700134277344,2025-02-23T16:17:18.651Z,GPS,fd551197-51ab-4b7c-8fb7-2b7bc9bfc2ff,22.288735808964518,113.9374174825856,2025-02-23T16:17:22.313Z,26.719999313354492
f8ea17e0-96be-4688-950f-3bab8333ac84,317.6000061035156,2025-02-23T16:17:13.650Z,GPS,f8ea17e0-96be-4688-950f-3bab8333ac84,22.288426099224335,113.93763676981472,2025-02-23T16:17:16.988Z,26.770000457763672
a048ecd4-5bc8-4838-b9a1-346feff9e303,304.19000244140625,2025-02-23T16:17:08.648Z,GPS,a048ecd4-5bc8-4838-b9a1-346feff9e303,22.28802315744914,113.93818998501656,2025-02-23T16:17:12.307Z,16.459999084472656
3754dc59-8b3e-4ee8-b44c-a35b96435c63,0,2025-02-23T16:17:03.646Z,GPS,3754dc59-8b3e-4ee8-b44c-a35b96435c63,22.28795697097634,113.93829129673281,2025-02-23T16:17:06.977Z,0
540eb4b5-36d5-4edd-8a3b-c754257dba9a,0,2025-02-23T16:17:00.402Z,GPS,540eb4b5-36d5-4edd-8a3b-c754257dba9a,22.287955138002214,113.93828946380813,2025-02-23T16:17:02.257Z,0
4687a814-738d-4f43-9b34-b1328c15db8c,0,2025-02-23T16:16:55.400Z,GPS,4687a814-738d-4f43-9b34-b1328c15db8c,22.287949973195502,113.93827996590038,2025-02-23T16:16:56.958Z,0
610fe89f-917e-4936-ae22-4c8e81d4c026,0,2025-02-23T16:16:50.399Z,GPS,610fe89f-917e-4936-ae22-4c8e81d4c026,22.287943474632225,113.93827263419689,2025-02-23T16:16:52.237Z,0
22fbbf84-a994-4dc4-9079-69046c083a8b,0,2025-02-23T16:16:45.397Z,GPS,22fbbf84-a994-4dc4-9079-69046c083a8b,22.287943308389462,113.93827046800155,2025-02-23T16:16:46.958Z,0
132e8d87-8184-4ad6-8b85-da1f85f238d6,0,2025-02-23T16:16:40.395Z,GPS,132e8d87-8184-4ad6-8b85-da1f85f238d6,22.2879446421136,113.93826846842792,2025-02-23T16:16:42.278Z,0
bcaa9166-1dba-491d-b025-cd791df77394,0,2025-02-23T16:16:35.393Z,GPS,bcaa9166-1dba-491d-b025-cd791df77394,22.287945310964673,113.93825730418163,2025-02-23T16:16:36.986Z,0.3100000023841858
d08fffd6-22a2-4a44-a126-e5eb2e3387a8,0,2025-02-23T16:16:30.392Z,GPS,d08fffd6-22a2-4a44-a126-e5eb2e3387a8,22.287945477892144,113.93825597113681,2025-02-23T16:16:32.328Z,0.07000000029802322
d6b42173-db2b-46cc-ad0f-b93be1bd1f4c,0,2025-02-23T16:16:25.390Z,GPS,d6b42173-db2b-46cc-ad0f-b93be1bd1f4c,22.287945144721967,113.93825513798635,2025-02-23T16:16:26.958Z,0.14000000059604645
daa95406-6d3d-4131-9c27-127e5bc12f2c,0,2025-02-23T16:16:20.388Z,GPS,daa95406-6d3d-4131-9c27-127e5bc12f2c,22.287941812107164,113.93825147213525,2025-02-23T16:16:22.197Z,0.019999999552965164
f33c9330-1698-4de0-88ff-fa33aefe9571,0,2025-02-23T16:16:15.386Z,GPS,f33c9330-1698-4de0-88ff-fa33aefe9571,22.287941979328146,113.93824863941613,2025-02-23T16:16:16.957Z,0.11999999731779099
13b83e24-d401-4cfd-810e-c95cbf42510d,298.32000732421875,2025-02-23T16:16:10.384Z,GPS,13b83e24-d401-4cfd-810e-c95cbf42510d,22.287896461317146,113.93834078634474,2025-02-23T16:16:12.199Z,9.829999923706055
026c8e56-a05f-4fa0-8b87-0dd2b5784747,300.510009765625,2025-02-23T16:16:05.382Z,GPS,026c8e56-a05f-4fa0-8b87-0dd2b5784747,22.287675540480883,113.93878952378009,2025-02-23T16:16:06.940Z,26.09000015258789
aa0a426c-5c24-44d6-abc8-5f03cd21d145,298.6300048828125,2025-02-23T16:16:00.380Z,GPS,aa0a426c-5c24-44d6-abc8-5f03cd21d145,22.28747913599172,113.9391557792185,2025-02-23T16:16:01.962Z,31.889999389648438
b9d9bb1e-3d24-4a0b-9083-567bf2924917,302.6099853515625,2025-02-23T16:15:55.594Z,GPS,b9d9bb1e-3d24-4a0b-9083-567bf2924917,22.287041142890676,113.939982604289,2025-02-23T16:15:56.972Z,28.489999771118164
a1662031-627a-4430-a10e-e82fcf6c2294,247.7100067138672,2025-02-23T16:15:50.592Z,GPS,a1662031-627a-4430-a10e-e82fcf6c2294,22.286819213384636,113.94048333208413,2025-02-23T16:15:51.957Z,12.479999542236328
d29e21d2-0ee0-42d1-90d0-412e4f097ef2,208.49000549316406,2025-02-23T16:15:45.589Z,GPS,d29e21d2-0ee0-42d1-90d0-412e4f097ef2,22.2869571876656,113.94061730277717,2025-02-23T16:15:47.233Z,16.579999923706055
1aeead58-76b9-4f59-a3f7-fa6e69c52ae2,225.3000030517578,2025-02-23T16:15:40.587Z,GPS,1aeead58-76b9-4f59-a3f7-fa6e69c52ae2,22.287550291682987,113.94094389664653,2025-02-23T16:15:41.928Z,25.56999969482422
5cb6e4a0-e92d-43c0-bd0a-7fa1e3afc03f,235.5800018310547,2025-02-23T16:15:35.586Z,GPS,5cb6e4a0-e92d-43c0-bd0a-7fa1e3afc03f,22.288061059923752,113.9412844882552,2025-02-23T16:15:37.274Z,19.56999969482422
57c4edeb-ee15-494a-943b-b98e0608e750,252.41000366210938,2025-02-23T16:15:30.584Z,GPS,57c4edeb-ee15-494a-943b-b98e0608e750,22.28816385277562,113.94149727608249,2025-02-23T16:15:31.919Z,12.380000114440918
648fb07d-576b-4886-8764-9c759f3fbc74,270.2300109863281,2025-02-23T16:15:25.583Z,GPS,648fb07d-576b-4886-8764-9c759f3fbc74,22.288193162353025,113.94162241621325,2025-02-23T16:15:27.159Z,2.869999885559082
a3eba85f-38fe-4053-965a-e23cb86d491e,183.77000427246094,2025-02-23T16:15:20.581Z,GPS,a3eba85f-38fe-4053-965a-e23cb86d491e,22.288263976206178,113.94172506086427,2025-02-23T16:15:21.939Z,14.09000015258789
382978be-6374-414b-951a-5720d7a863e9,178.77999877929688,2025-02-23T16:15:15.580Z,GPS,382978be-6374-414b-951a-5720d7a863e9,22.28844397301619,113.94174155634006,2025-02-23T16:15:17.296Z,6.960000038146973
8d2bb469-ec67-4b6c-a9f5-a98ef7fe697f,0,2025-02-23T16:15:10.578Z,GPS,8d2bb469-ec67-4b6c-a9f5-a98ef7fe697f,22.28834580092594,113.94177038418715,2025-02-23T16:15:11.928Z,1.309999942779541
9721fb84-f9f5-4148-b980-a0871fd06ef5,0,2025-02-23T16:15:05.576Z,GPS,9721fb84-f9f5-4148-b980-a0871fd06ef5,22.2883614717522,113.94174838872013,2025-02-23T16:15:06.928Z,1.7300000190734863
62f78298-1a75-43b9-aecb-531a60a5110d,0,2025-02-23T16:15:00.575Z,GPS,62f78298-1a75-43b9-aecb-531a60a5110d,22.288339139026586,113.9417452228501,2025-02-23T16:15:01.900Z,1.8300000429153442
7109c54a-50a1-41b3-b8a9-0546551988e5,0,2025-02-23T16:14:55.042Z,GPS,7109c54a-50a1-41b3-b8a9-0546551988e5,22.2883338054427,113.94174655593436,2025-02-23T16:14:56.908Z,0.12999999523162842
b35beeb5-4126-4b50-ab03-0c03212ea7a5,0,2025-02-23T16:14:50.040Z,GPS,b35beeb5-4126-4b50-ab03-0c03212ea7a5,22.28825148467228,113.94168040366584,2025-02-23T16:14:51.915Z,4.829999923706055
8113e8dc-090d-4cc2-8f7d-bd9e1de2df1b,69.93000030517578,2025-02-23T16:14:45.038Z,GPS,8113e8dc-090d-4cc2-8f7d-bd9e1de2df1b,22.288247675736006,113.94155176410796,2025-02-23T16:14:46.900Z,12.739999771118164
b674c793-c462-4c4a-bff6-2ceb1a5019cb,43.11000061035156,2025-02-23T16:14:40.036Z,GPS,b674c793-c462-4c4a-bff6-2ceb1a5019cb,22.287915069806484,113.94123283335827,2025-02-23T16:14:41.900Z,11.149999618530273
a10b0097-87c0-4796-bda0-0efe1bcbd57b,0,2025-02-23T16:14:35.035Z,GPS,a10b0097-87c0-4796-bda0-0efe1bcbd57b,22.287892077048387,113.94119484152401,2025-02-23T16:14:36.900Z,0.28999999165534973
db5b14f6-7eb6-497e-b948-2a791c8ae891,0,2025-02-23T16:14:30.033Z,GPS,db5b14f6-7eb6-497e-b948-2a791c8ae891,22.287827575833482,113.9412013405278,2025-02-23T16:14:31.916Z,0.2800000011920929
0a1ace14-1228-4de3-beeb-230157e0d5e2,0,2025-02-23T16:14:25.031Z,GPS,0a1ace14-1228-4de3-beeb-230157e0d5e2,22.287659735959853,113.94123600085103,2025-02-23T16:14:27.614Z,0.7699999809265137
6f51ccb2-6686-44ad-bd28-98ded22f23c2,0,2025-02-23T16:14:20.029Z,GPS,6f51ccb2-6686-44ad-bd28-98ded22f23c2,22.287498568365752,113.94124116736975,2025-02-23T16:14:22.196Z,5.849999904632568
e4a70bbc-422f-41a4-8e6a-a78f8523840b,163.5500030517578,2025-02-23T16:14:15.027Z,GPS,e4a70bbc-422f-41a4-8e6a-a78f8523840b,22.28758390281146,113.94123516813785,2025-02-23T16:14:16.880Z,24.760000228881836
f02377d0-182d-4673-9ca0-6d3e5221a2b0,0,2025-02-23T16:14:10.025Z,GPS,f02377d0-182d-4673-9ca0-6d3e5221a2b0,22.28791490263234,113.94123549946244,2025-02-23T16:14:12.219Z,0.18000000715255737
bc00bafb-2ab4-46b6-bca2-17745ee2dac8,23.479999542236328,2025-02-23T16:14:05.023Z,GPS,bc00bafb-2ab4-46b6-bca2-17745ee2dac8,22.28789240343329,113.94123133380798,2025-02-23T16:14:06.908Z,3.859999895095825
742c4be7-1e3d-462b-9bca-bb3d93cb1333,23.760000228881836,2025-02-23T16:14:00.021Z,GPS,742c4be7-1e3d-462b-9bca-bb3d93cb1333,22.287788078354236,113.94118817687563,2025-02-23T16:14:02.101Z,11.6899995803833
486b81aa-1880-4dfd-bdb1-80a458a49b3f,29.6200008392334,2025-02-23T16:13:55.250Z,GPS,486b81aa-1880-4dfd-bdb1-80a458a49b3f,22.287342298372096,113.94090923854425,2025-02-23T16:13:56.907Z,24.489999771118164
20d3ae28-0bc1-4733-8181-c12dbfc34f8f,6.210000038146973,2025-02-23T16:13:50.248Z,GPS,20d3ae28-0bc1-4733-8181-c12dbfc34f8f,22.286847527769776,113.94058214422805,2025-02-23T16:13:51.900Z,14.930000305175781
a1ec7d19-ec83-4277-88eb-d9c6896a3d8b,323.9800109863281,2025-02-23T16:13:45.246Z,GPS,a1ec7d19-ec83-4277-88eb-d9c6896a3d8b,22.286661518448152,113.94063113490033,2025-02-23T16:13:46.888Z,11.670000076293945
92865edd-8119-426f-b3a8-617f01a78d91,0,2025-02-23T16:13:40.245Z,GPS,92865edd-8119-426f-b3a8-617f01a78d91,22.286615178749635,113.94066446142186,2025-02-23T16:13:41.881Z,0
708b4ad8-8776-4781-a1c0-4e204fd91dc2,0,2025-02-23T16:13:35.243Z,GPS,708b4ad8-8776-4781-a1c0-4e204fd91dc2,22.28661451396518,113.94065463018165,2025-02-23T16:13:36.901Z,0
28f1dc93-d4d4-4c8e-9abc-cf60669e3199,0,2025-02-23T16:13:30.241Z,GPS,28f1dc93-d4d4-4c8e-9abc-cf60669e3199,22.286614181429467,113.94065046440225,2025-02-23T16:13:31.881Z,0
2f148619-e2ab-4e8a-bd02-c827d13126c3,0,2025-02-23T16:13:25.239Z,GPS,2f148619-e2ab-4e8a-bd02-c827d13126c3,22.286615516421282,113.94064179956935,2025-02-23T16:13:26.892Z,0.18000000715255737
13e1af80-c092-45de-9e2b-b4e5f45a8907,0,2025-02-23T16:13:20.237Z,GPS,13e1af80-c092-45de-9e2b-b4e5f45a8907,22.286614016932237,113.94063913347813,2025-02-23T16:13:21.861Z,0.23000000417232513
ecb09565-21f8-465d-a7e8-a3da83ed9d5f,322.75,2025-02-23T16:13:15.235Z,GPS,ecb09565-21f8-465d-a7e8-a3da83ed9d5f,22.28661201661385,113.94064079980235,2025-02-23T16:13:19.161Z,1.659999966621399
8b11344f-0a8f-4314-93bc-1eda59a6fd1d,314.5199890136719,2025-02-23T16:13:10.233Z,GPS,8b11344f-0a8f-4314-93bc-1eda59a6fd1d,22.286454982429863,113.94081976271568,2025-02-23T16:13:19.129Z,15.850000381469727
f6df0b2a-ea38-4a90-9886-43d875fdaa84,313.04998779296875,2025-02-23T16:13:05.231Z,GPS,f6df0b2a-ea38-4a90-9886-43d875fdaa84,22.28604539168728,113.9412963308906,2025-02-23T16:13:19.085Z,26.260000228881836
50648f47-517a-4f34-98fe-54875cddb5b4,313.57000732421875,2025-02-23T16:13:00.229Z,GPS,50648f47-517a-4f34-98fe-54875cddb5b4,22.285783168446034,113.94159460285262,2025-02-23T16:13:19.070Z,28.209999084472656
6ca4ce7a-3ac9-4d92-8f9f-7ffc74fdeee7,314.8500061035156,2025-02-23T16:12:55.150Z,GPS,6ca4ce7a-3ac9-4d92-8f9f-7ffc74fdeee7,22.28524321986986,113.94220497786311,2025-02-23T16:13:19.026Z,28.040000915527344
450d6c63-9cc4-44dd-9a07-8887d93edcc1,356.2200012207031,2025-02-23T16:12:50.148Z,GPS,450d6c63-9cc4-44dd-9a07-8887d93edcc1,22.28474131021411,113.94261156254245,2025-02-23T16:13:19.013Z,16.889999389648438
10ab74fc-d0ed-4263-afe1-1e433cb6d5a5,30.6200008392334,2025-02-23T16:12:45.146Z,GPS,10ab74fc-d0ed-4263-afe1-1e433cb6d5a5,22.284502324429056,113.94253624631409,2025-02-23T16:13:18.982Z,19.989999771118164
665d7b02-a6b6-4fe8-b384-68c3d625cf87,31.059999465942383,2025-02-23T16:12:40.145Z,GPS,665d7b02-a6b6-4fe8-b384-68c3d625cf87,22.283862069485508,113.94212083690175,2025-02-23T16:13:18.968Z,30.229999542236328
3a236367-f1ea-4eb1-b55b-c5a34836a048,37.18000030517578,2025-02-23T16:12:35.144Z,GPS,3a236367-f1ea-4eb1-b55b-c5a34836a048,22.28317199951768,113.94161061476144,2025-02-23T16:13:18.937Z,29.110000610351562
7676b99f-d4dc-4df6-aec0-70ba4eb83fd8,41.630001068115234,2025-02-23T16:12:30.143Z,GPS,7676b99f-d4dc-4df6-aec0-70ba4eb83fd8,22.282863552316574,113.94133300842759,2025-02-23T16:13:18.921Z,28.799999237060547
75287b04-0f14-439e-aba8-d658f81ac6ac,36.83000183105469,2025-02-23T16:12:25.142Z,GPS,75287b04-0f14-439e-aba8-d658f81ac6ac,22.282176324389432,113.94078112926792,2025-02-23T16:12:26.867Z,31.610000610351562
b35d0b65-5f33-4282-86f0-89548bed125b,43.68000030517578,2025-02-23T16:12:20.140Z,GPS,b35d0b65-5f33-4282-86f0-89548bed125b,22.28152110472702,113.94018909243451,2025-02-23T16:12:22.164Z,27.8799991607666
afc95ae8-cade-4f0b-a2c2-9969e2a1859d,47.20000076293945,2025-02-23T16:12:15.138Z,GPS,afc95ae8-cade-4f0b-a2c2-9969e2a1859d,22.28125516138201,113.93989515680504,2025-02-23T16:12:16.854Z,24.790000915527344
bbdc3838-b903-4e28-93fa-8551576dd466,357.19000244140625,2025-02-23T16:12:10.136Z,GPS,bbdc3838-b903-4e28-93fa-8551576dd466,22.280754897831148,113.93953440371952,2025-02-23T16:12:11.827Z,22.299999237060547
a90a832e-3239-4137-ac9e-963d261a7eac,316.82000732421875,2025-02-23T16:12:05.134Z,GPS,a90a832e-3239-4137-ac9e-963d261a7eac,22.28011064169738,113.93999864134919,2025-02-23T16:12:06.844Z,30.920000076293945
52c6b324-e0fa-4c06-9a68-4003f504fc1a,316.1700134277344,2025-02-23T16:12:00.133Z,GPS,52c6b324-e0fa-4c06-9a68-4003f504fc1a,22.279838587332414,113.94028158252509,2025-02-23T16:12:01.838Z,23.209999084472656
9aced630-910e-4b67-94a7-2462866324de,49.95000076293945,2025-02-23T16:11:55.495Z,GPS,9aced630-910e-4b67-94a7-2462866324de,22.279467747579535,113.94031541081029,2025-02-23T16:11:56.851Z,18.229999542236328
dbf2e3c6-77eb-4298-96dc-c954c585c5e6,71.4000015258789,2025-02-23T16:11:50.494Z,GPS,dbf2e3c6-77eb-4298-96dc-c954c585c5e6,22.279111531990303,113.93970437683973,2025-02-23T16:11:51.850Z,24.489999771118164
356e6131-717b-4180-a403-a50db55b8e33,87.33000183105469,2025-02-23T16:11:45.492Z,GPS,356e6131-717b-4180-a403-a50db55b8e33,22.27905226810108,113.93934545425051,2025-02-23T16:11:46.825Z,23.280000686645508
f01e56a1-32d0-41c6-bd4d-00ad807d0592,86.9000015258789,2025-02-23T16:11:40.491Z,GPS,f01e56a1-32d0-41c6-bd4d-00ad807d0592,22.279014243065177,113.93861694498457,2025-02-23T16:11:41.828Z,28.790000915527344
3575114e-02bf-47d4-9db9-c0675ca20209,86.94000244140625,2025-02-23T16:11:35.490Z,GPS,3575114e-02bf-47d4-9db9-c0675ca20209,22.278959418992667,113.93771847385408,2025-02-23T16:11:36.928Z,29.600000381469727
80250532-cf15-4def-823a-3ce0788de6a3,85.22000122070312,2025-02-23T16:11:30.488Z,GPS,80250532-cf15-4def-823a-3ce0788de6a3,22.27892884086149,113.93726890559894,2025-02-23T16:11:33.849Z,29.829999923706055
2e42beea-d7b6-4151-ac25-b4ab15c133c3,80.5,2025-02-23T16:11:25.486Z,GPS,2e42beea-d7b6-4151-ac25-b4ab15c133c3,22.27882800644163,113.93643258988011,2025-02-23T16:11:26.826Z,26.530000686645508
6d759ac0-cb18-4045-982a-bfefae5ea00b,83.87000274658203,2025-02-23T16:11:20.485Z,GPS,6d759ac0-cb18-4045-982a-bfefae5ea00b,22.278748955666195,113.93585055223097,2025-02-23T16:11:21.869Z,11.529999732971191
1b15a43f-2aa6-4802-ae84-fa67d3f3c778,8.430000305175781,2025-02-23T16:11:15.484Z,GPS,1b15a43f-2aa6-4802-ae84-fa67d3f3c778,22.278705974133576,113.9357580729601,2025-02-23T16:11:16.835Z,1.909999966621399
6ca780b7-8873-4181-ac07-8290d5618b6c,345.94000244140625,2025-02-23T16:11:10.482Z,GPS,6ca780b7-8873-4181-ac07-8290d5618b6c,22.27870147483308,113.93575457376141,2025-02-23T16:11:11.823Z,4.570000171661377
2ab0c672-02d4-4f0e-af53-5f664d87f8c3,0,2025-02-23T16:11:05.480Z,GPS,2ab0c672-02d4-4f0e-af53-5f664d87f8c3,22.278679967717054,113.93579023265457,2025-02-23T16:11:06.843Z,0.05000000074505806
2e189af7-748f-4b7b-b03f-52bbab3a112d,0,2025-02-23T16:11:00.478Z,GPS,2e189af7-748f-4b7b-b03f-52bbab3a112d,22.278677801350145,113.93578873299927,2025-02-23T16:11:01.826Z,0.23000000417232513
893827c4-62b6-430d-b722-4ca8a6e5ecf5,249.60000610351562,2025-02-23T16:10:54.575Z,GPS,893827c4-62b6-430d-b722-4ca8a6e5ecf5,22.278684956042834,113.9358487196752,2025-02-23T16:10:56.834Z,7.829999923706055
a6b7f130-2f0d-43dd-9ef3-bcd02508f7a5,259.44000244140625,2025-02-23T16:10:49.575Z,GPS,a6b7f130-2f0d-43dd-9ef3-bcd02508f7a5,22.278803690428937,113.93634544256663,2025-02-23T16:10:51.834Z,26.030000686645508
9378f2db-6941-45ad-8d8b-c0638e41b539,262.3599853515625,2025-02-23T16:10:44.573Z,GPS,9378f2db-6941-45ad-8d8b-c0638e41b539,22.278871773460633,113.93676684939258,2025-02-23T16:10:46.830Z,29.979999542236328
2ecdf9ff-db58-46f5-82ed-30c732da8ea4,265.510009765625,2025-02-23T16:10:39.571Z,GPS,2ecdf9ff-db58-46f5-82ed-30c732da8ea4,22.278963263528947,113.93766148626368,2025-02-23T16:10:42.096Z,29.010000228881836
248feb80-5291-41eb-a048-e3035abcc45e,266.6300048828125,2025-02-23T16:10:34.569Z,GPS,248feb80-5291-41eb-a048-e3035abcc45e,22.279011763614186,113.93851163446983,2025-02-23T16:10:36.805Z,27.56999969482422
aad1e0d7-7682-40b6-8f85-2bdda5bc20ba,267.510009765625,2025-02-23T16:10:29.568Z,GPS,aad1e0d7-7682-40b6-8f85-2bdda5bc20ba,22.279039849492257,113.93892621132,2025-02-23T16:10:31.804Z,27.34000015258789
b95b2f9a-eacc-4dd7-828b-e13f4c10b509,257.07000732421875,2025-02-23T16:10:24.567Z,GPS,b95b2f9a-eacc-4dd7-828b-e13f4c10b509,22.279097694605255,113.93972537242016,2025-02-23T16:10:26.848Z,25.709999084472656
ffb78483-626d-4e74-878b-6f2064627bc8,231.3000030517578,2025-02-23T16:10:19.565Z,GPS,ffb78483-626d-4e74-878b-6f2064627bc8,22.279429077209404,113.94033474024933,2025-02-23T16:10:21.926Z,22.049999237060547
01a967a2-f288-44e4-aa6d-43d8e4a25f4e,221.8000030517578,2025-02-23T16:10:14.563Z,GPS,01a967a2-f288-44e4-aa6d-43d8e4a25f4e,22.279611533231172,113.94056385707312,2025-02-23T16:10:16.930Z,16.790000915527344
f7537ec4-6e62-4c1d-bc40-9cbe15a52866,141.7100067138672,2025-02-23T16:10:09.561Z,GPS,f7537ec4-6e62-4c1d-bc40-9cbe15a52866,22.279951714962806,113.94048487189147,2025-02-23T16:10:11.811Z,16.84000015258789
6cead20e-6d15-4a97-9d9e-840e286efdc5,134.25,2025-02-23T16:10:04.559Z,GPS,6cead20e-6d15-4a97-9d9e-840e286efdc5,22.280407461747945,113.94006729161146,2025-02-23T16:10:06.785Z,22.920000076293945
15765572-18e2-42cb-9357-446d256df556,146.66000366210938,2025-02-23T16:10:00.198Z,GPS,15765572-18e2-42cb-9357-446d256df556,22.280599833145466,113.93986949945425,2025-02-23T16:10:01.793Z,14.270000457763672
3ebe6b3e-bb44-4807-af2e-7be853e76a01,229.24000549316406,2025-02-23T16:09:55.195Z,GPS,3ebe6b3e-bb44-4807-af2e-7be853e76a01,22.28090197957457,113.93997414196964,2025-02-23T16:09:56.773Z,13.010000228881836
aa8d5829-cbb5-43c7-89b0-53237fdf42ac,0,2025-02-23T16:09:50.195Z,GPS,aa8d5829-cbb5-43c7-89b0-53237fdf42ac,22.28100062321452,113.94009361585897,2025-02-23T16:09:51.785Z,0.44999998807907104
b5505a28-0eb0-4091-a93b-3fe02b2eefb9,0,2025-02-23T16:09:45.193Z,GPS,b5505a28-0eb0-4091-a93b-3fe02b2eefb9,22.281005290585576,113.94008994994815,2025-02-23T16:09:46.785Z,0.2800000011920929
1b1dbc55-e60a-4f0e-921c-9b7a81fe1655,225.6300048828125,2025-02-23T16:09:40.192Z,GPS,1b1dbc55-e60a-4f0e-921c-9b7a81fe1655,22.281097606492587,113.9401804300892,2025-02-23T16:09:41.786Z,11.270000457763672
9b3f1056-6b27-41d0-b1d0-d4f458819579,221.8000030517578,2025-02-23T16:09:35.191Z,GPS,9b3f1056-6b27-41d0-b1d0-d4f458819579,22.281510027538605,113.94059134014431,2025-02-23T16:09:36.793Z,29.549999237060547
fc269569-0f67-40d0-be9a-c513455f71a3,217.91000366210938,2025-02-23T16:09:30.189Z,GPS,fc269569-0f67-40d0-be9a-c513455f71a3,22.281865965155674,113.94091710224099,2025-02-23T16:09:31.803Z,36.459999084472656
e0e8d0a4-25d7-41ec-ab90-de8e174a9e66,215.8800048828125,2025-02-23T16:09:25.187Z,GPS,e0e8d0a4-25d7-41ec-ab90-de8e174a9e66,22.28272250652853,113.94157429170612,2025-02-23T16:09:26.794Z,38.380001068115234
eb534f08-9bb2-4bc7-9318-d8e7311cbfba,216.0500030517578,2025-02-23T16:09:20.185Z,GPS,eb534f08-9bb2-4bc7-9318-d8e7311cbfba,22.283578211008095,113.94225464388526,2025-02-23T16:09:21.772Z,38.2400016784668
659a8c48-39de-4cf4-88ad-7c15ccd563ea,215.22000122070312,2025-02-23T16:09:15.184Z,GPS,659a8c48-39de-4cf4-88ad-7c15ccd563ea,22.284014981883832,113.94258607211022,2025-02-23T16:09:16.752Z,37.77000045776367
d54e9219-f8f6-4958-a50e-265d3f3f84f2,215.86000061035156,2025-02-23T16:09:10.180Z,GPS,d54e9219-f8f6-4958-a50e-265d3f3f84f2,22.284878526448978,113.94323726506974,2025-02-23T16:09:11.753Z,38.2400016784668
8572421b-a0e4-47db-b575-72139a26194d,217.0800018310547,2025-02-23T16:09:05.179Z,GPS,8572421b-a0e4-47db-b575-72139a26194d,22.28575323638061,113.94389995651808,2025-02-23T16:09:06.765Z,36.61000061035156
63288cb7-8ece-4fb3-904e-a891d503e4d1,218.52000427246094,2025-02-23T16:09:00.178Z,GPS,63288cb7-8ece-4fb3-904e-a891d503e4d1,22.28614351055531,113.9442193886559,2025-02-23T16:09:02.037Z,33.5099983215332
6ff10487-7371-4f31-832f-24f39eb0636c,220.02000427246094,2025-02-23T16:08:55.189Z,GPS,6ff10487-7371-4f31-832f-24f39eb0636c,22.28682557000205,113.9448012657948,2025-02-23T16:08:56.755Z,29.6200008392334
c8e76cc0-adf7-4901-813c-c370d443d663,221.11000061035156,2025-02-23T16:08:50.188Z,GPS,c8e76cc0-adf7-4901-813c-c370d443d663,22.28746412728276,113.94539897408987,2025-02-23T16:08:52.668Z,30.299999237060547
5a4e5906-0eaf-470e-b344-5986cb84d9e8,221.66000366210938,2025-02-23T16:08:45.187Z,GPS,5a4e5906-0eaf-470e-b344-5986cb84d9e8,22.28777607325163,113.94569574567572,2025-02-23T16:08:46.756Z,29.399999618530273
788a926e-64c3-45a4-a4fb-625b3d7a8e26,231.13999938964844,2025-02-23T16:08:40.185Z,GPS,788a926e-64c3-45a4-a4fb-625b3d7a8e26,22.28832895708074,113.94633761354703,2025-02-23T16:08:41.744Z,29.420000076293945
c4a427b1-4e2a-4aec-8627-8abd6c8a115a,243.38999938964844,2025-02-23T16:08:35.184Z,GPS,c4a427b1-4e2a-4aec-8627-8abd6c8a115a,22.288757664034584,113.94704197072926,2025-02-23T16:08:36.771Z,27.559999465942383
d4c24b00-5cb1-4fee-93c0-d78ad8304dc0,259.07000732421875,2025-02-23T16:08:30.183Z,GPS,d4c24b00-5cb1-4fee-93c0-d78ad8304dc0,22.28887259764211,113.94741472962494,2025-02-23T16:08:31.784Z,24.440000534057617
cc0fe12d-7d66-4244-babd-0b52d4b68b9b,195.69000244140625,2025-02-23T16:08:25.181Z,GPS,cc0fe12d-7d66-4244-babd-0b52d4b68b9b,22.289218839940812,113.94792829318735,2025-02-23T16:08:26.800Z,23.06999969482422
6c9ce2a8-a8df-4ac8-ba30-3e382a3207a8,142.35000610351562,2025-02-23T16:08:20.179Z,GPS,6c9ce2a8-a8df-4ac8-ba30-3e382a3207a8,22.28987569112179,113.94782564279917,2025-02-23T16:08:21.752Z,22.809999465942383
346b38ad-845b-4cf0-85c5-6e209f093b85,132.86000061035156,2025-02-23T16:08:15.177Z,GPS,346b38ad-845b-4cf0-85c5-6e209f093b85,22.29007806162583,113.94761501636508,2025-02-23T16:08:19.449Z,16.31999969482422
804bba67-eed3-42ea-9415-1480f2f3e4de,157.63999938964844,2025-02-23T16:08:10.176Z,GPS,804bba67-eed3-42ea-9415-1480f2f3e4de,22.290242920147442,113.94747254347682,2025-02-23T16:08:11.759Z,7.570000171661377
9a924707-aea8-49f1-8532-7aaa34d72e31,175.6300048828125,2025-02-23T16:08:05.174Z,GPS,9a924707-aea8-49f1-8532-7aaa34d72e31,22.2907107761561,113.94734373282007,2025-02-23T16:08:07.195Z,25.299999237060547
a82e73c2-7b71-41e9-9208-2e102e137602,174.4600067138672,2025-02-23T16:08:00.172Z,GPS,a82e73c2-7b71-41e9-9208-2e102e137602,22.29110411610264,113.94730557137832,2025-02-23T16:08:01.726Z,31.149999618530273
a24d7b08-7d16-421c-aeca-29503c5c8339,173.52999877929688,2025-02-23T16:07:55.404Z,GPS,a24d7b08-7d16-421c-aeca-29503c5c8339,22.29200780386696,113.94718475662226,2025-02-23T16:07:57.045Z,34.0099983215332
5be76abb-c19e-4e48-bc74-47df50d0d23c,172.38999938964844,2025-02-23T16:07:50.402Z,GPS,5be76abb-c19e-4e48-bc74-47df50d0d23c,22.292922824830505,113.94706477500235,2025-02-23T16:07:51.748Z,31.889999389648438
cd8a8ee8-e4b1-48f9-a95e-820aea052248,173.86000061035156,2025-02-23T16:07:45.401Z,GPS,cd8a8ee8-e4b1-48f9-a95e-820aea052248,22.29334433596115,113.9470012851119,2025-02-23T16:07:47.057Z,29.6299991607666
067a6882-d291-4e82-9df4-8d7446baf9a8,171.9600067138672,2025-02-23T16:07:40.400Z,GPS,067a6882-d291-4e82-9df4-8d7446baf9a8,22.294036518934043,113.94690813286049,2025-02-23T16:07:41.739Z,19.760000228881836
c7130a37-90a3-411f-85a5-19d0eca4a552,0,2025-02-23T16:07:35.399Z,GPS,c7130a37-90a3-411f-85a5-19d0eca4a552,22.294328192280126,113.94686997205729,2025-02-23T16:07:37.403Z,0.2800000011920929
ed0cfacc-d907-49dd-8ceb-5b2775823c2e,0,2025-02-23T16:07:30.397Z,GPS,ed0cfacc-d907-49dd-8ceb-5b2775823c2e,22.294327691744037,113.94687297146406,2025-02-23T16:07:31.753Z,0.36000001430511475
5927f7a0-36a1-41ce-9bfb-41ed408ddaba,0,2025-02-23T16:07:25.394Z,GPS,5927f7a0-36a1-41ce-9bfb-41ed408ddaba,22.29432685796418,113.94687547097216,2025-02-23T16:07:27.033Z,0.30000001192092896
241ef4ea-b24e-4aed-a6f7-9c33fe7dfbf7,0,2025-02-23T16:07:20.392Z,GPS,241ef4ea-b24e-4aed-a6f7-9c33fe7dfbf7,22.294324691209194,113.94687597088556,2025-02-23T16:07:21.730Z,0.25
53a79613-214c-46c9-8488-3825a086dec2,0,2025-02-23T16:07:15.390Z,GPS,53a79613-214c-46c9-8488-3825a086dec2,22.294321523680054,113.94688080327711,2025-02-23T16:07:16.992Z,0.46000000834465027
761a5c88-e6b6-4327-8936-e7e97f27c7a1,0,2025-02-23T16:07:10.389Z,GPS,761a5c88-e6b6-4327-8936-e7e97f27c7a1,22.294326354032027,113.94689746660382,2025-02-23T16:07:11.738Z,0.20000000298023224
e17c88f1-bc99-4a9a-87af-d38de48a176b,0,2025-02-23T16:07:05.388Z,GPS,e17c88f1-bc99-4a9a-87af-d38de48a176b,22.29432901771901,113.94691412994396,2025-02-23T16:07:07.054Z,0.07000000029802322
7f48f47e-4264-499d-946f-92e4611f2a44,0,2025-02-23T16:07:00.386Z,GPS,7f48f47e-4264-499d-946f-92e4611f2a44,22.294327515694807,113.9469254610352,2025-02-23T16:07:01.745Z,0.4399999976158142
645880b6-5641-43ae-a465-1bbc0bb67476,170.47000122070312,2025-02-23T16:06:54.443Z,GPS,645880b6-5641-43ae-a465-1bbc0bb67476,22.294387010961643,113.94695178878867,2025-02-23T16:06:57.263Z,5.239999771118164
57e28220-2f95-42af-afee-aa9c68257856,177.3000030517578,2025-02-23T16:06:49.442Z,GPS,57e28220-2f95-42af-afee-aa9c68257856,22.294622339000156,113.94698078164427,2025-02-23T16:06:51.750Z,10.989999771118164
fefe6981-292d-4de4-bba5-0a27c7fb0aa5,171.3000030517578,2025-02-23T16:06:44.440Z,GPS,fefe6981-292d-4de4-bba5-0a27c7fb0aa5,22.294779672433698,113.94697978091482,2025-02-23T16:06:47.098Z,12.8100004196167
eda5c59b-cebe-4313-a98f-6fa8cc929f22,130.5,2025-02-23T16:06:39.439Z,GPS,eda5c59b-cebe-4313-a98f-6fa8cc929f22,22.295231844468294,113.94694845113435,2025-02-23T16:06:41.719Z,26.389999389648438
19548b7a-31bb-45f4-930c-9dd6510efe45,0,2025-02-23T16:06:34.437Z,GPS,19548b7a-31bb-45f4-930c-9dd6510efe45,22.29561503936722,113.94678948047402,2025-02-23T16:06:36.977Z,0
58b5ab5f-5b51-4155-9169-7525cab021e8,99.79000091552734,2025-02-23T16:06:29.435Z,GPS,58b5ab5f-5b51-4155-9169-7525cab021e8,22.295690884418633,113.94672382642861,2025-02-23T16:06:31.718Z,6.059999942779541
256ac4c0-a819-419e-b72a-3357f7db490c,307.6400146484375,2025-02-23T16:06:24.433Z,GPS,256ac4c0-a819-419e-b72a-3357f7db490c,22.29537157616635,113.9465848560092,2025-02-23T16:06:26.986Z,15.59000015258789
be190ae0-6767-4503-a278-55ed19d3e082,0,2025-02-23T16:06:19.431Z,GPS,be190ae0-6767-4503-a278-55ed19d3e082,22.295361436112948,113.94643671897703,2025-02-23T16:06:21.708Z,0
47a3acfa-034b-4dfd-aa5c-c67d5efd4eaf,0,2025-02-23T16:06:14.430Z,GPS,47a3acfa-034b-4dfd-aa5c-c67d5efd4eaf,22.295320408658455,113.94658968868043,2025-02-23T16:06:17.056Z,0
917192c1-f34b-4f1c-8cf7-486a2ab6917d,0,2025-02-23T16:06:09.429Z,GPS,917192c1-f34b-4f1c-8cf7-486a2ab6917d,22.295319908897923,113.94658835561593,2025-02-23T16:06:11.719Z,0
99527a45-66c2-4cc9-ba13-3e43137993c2,337.79998779296875,2025-02-23T16:06:04.427Z,GPS,99527a45-66c2-4cc9-ba13-3e43137993c2,22.295363071984813,113.94660818474003,2025-02-23T16:06:06.707Z,9.079999923706055
7962d10e-5bb3-40ec-9ebe-0bcb6ffba078,339.260009765625,2025-02-23T16:05:56.374Z,GPS,7962d10e-5bb3-40ec-9ebe-0bcb6ffba078,22.29522172796498,113.9466681736157,2025-02-23T16:06:01.696Z,10.0600004196167
bcefa6d8-4d70-4910-81ef-e4cf3cba3c03,357.6099853515625,2025-02-23T16:05:51.372Z,GPS,bcefa6d8-4d70-4910-81ef-e4cf3cba3c03,22.295012057043188,113.94669250333843,2025-02-23T16:05:56.693Z,14.050000190734863
42e501ab-290b-45d0-b937-315a1871004d,359.07000732421875,2025-02-23T16:05:46.370Z,GPS,42e501ab-290b-45d0-b937-315a1871004d,22.294430716057295,113.94673683127246,2025-02-23T16:05:51.700Z,21.5
34d5cf96-a839-41ea-ab21-eeab9c8e1162,50.470001220703125,2025-02-23T16:05:41.368Z,GPS,34d5cf96-a839-41ea-ab21-eeab9c8e1162,22.294193067455705,113.94663668595784,2025-02-23T16:05:46.713Z,14.979999542236328
57cd0aed-8f68-4597-844b-f529ab9db622,0,2025-02-23T16:05:36.367Z,GPS,57cd0aed-8f68-4597-844b-f529ab9db622,22.29415874693466,113.94656536704944,2025-02-23T16:05:41.692Z,0
22be48cc-d329-453f-8c83-e426959805a4,0,2025-02-23T16:05:31.365Z,GPS,22be48cc-d329-453f-8c83-e426959805a4,22.294160080357074,113.94656486714133,2025-02-23T16:05:36.693Z,0
9df897c8-ca3f-43b2-ba0e-506c0315ef43,0,2025-02-23T16:05:26.364Z,GPS,9df897c8-ca3f-43b2-ba0e-506c0315ef43,22.294161080565956,113.94656370070146,2025-02-23T16:05:31.693Z,0
0a62cae9-bfee-41f9-a393-9ab1da31fade,0,2025-02-23T16:05:21.362Z,GPS,0a62cae9-bfee-41f9-a393-9ab1da31fade,22.294163247411028,113.94656270088817,2025-02-23T16:05:26.693Z,0
4533c172-03ea-4649-b942-60475ed25561,0,2025-02-23T16:05:16.361Z,GPS,4533c172-03ea-4649-b942-60475ed25561,22.294162747560826,113.946561867724,2025-02-23T16:05:21.699Z,0
c8f857fe-3386-41ce-877c-f19748ffd823,0,2025-02-23T16:05:11.359Z,GPS,c8f857fe-3386-41ce-877c-f19748ffd823,22.29416208119359,113.94656020139372,2025-02-23T16:05:16.703Z,0
7768773d-f28e-44e3-8ee6-7233590c9944,0,2025-02-23T16:05:06.357Z,GPS,7768773d-f28e-44e3-8ee6-7233590c9944,22.294162248039644,113.94655920159224,2025-02-23T16:05:11.694Z,0
e7714304-31f3-4ba4-895b-74a4f4e5d71a,0,2025-02-23T16:05:01.355Z,GPS,e7714304-31f3-4ba4-895b-74a4f4e5d71a,22.294165081341685,113.94655936820894,2025-02-23T16:05:06.682Z,0
dd525ee1-f00b-437f-8b6f-f4b1e154b13f,0,2025-02-23T16:04:59.954Z,GPS,dd525ee1-f00b-437f-8b6f-f4b1e154b13f,22.294164581551314,113.94655820177795,2025-02-23T16:05:01.702Z,0
